ChEMBL_ID,SMILES
CHEMBL3688621,Cc1ccc(C(=O)Nc2ccc(F)c([C@@]3(C(F)F)N=C(N)O[C@@H]4C[C@@H]43)c2)nc1
CHEMBL3656212,COc1cccc(-c2ccc3c(c2)C2(N=C(N)N(C)C2=O)[C@]2(CC[C@H](OC(C)C)CC2)C3)c1
CHEMBL3650837,NC1=NC2(CO1)c1cc(-c3cccnc3)ccc1OC1(CCC1)C21COC1
CHEMBL3653482,CCc1ccc(C(=O)Nc2ccc(F)c([C@]3(C(F)F)COCC(N)=N3)c2)nc1
CHEMBL3928162,CO[C@H]1CC[C@]2(CC1)Cc1ccc(-c3ccccc3)cc1[C@@]21N=C(C)C(N)=N1
CHEMBL3957104,NC1=N[C@@]2(c3ccc(F)cc3F)CO[C@@H](c3ccc(F)cc3)C[C@H]2CS1
CHEMBL4537971,COc1cc(OC)cc(-c2cccc(C3(c4ccccc4)N=C(N)N(C)C3=O)c2)c1
CHEMBL3922902,COc1ccc(C(=O)Nc2csc([C@]34CO[C@@H](C)C[C@H]3CSC(N)=N4)n2)nc1
CHEMBL2177335,COc1ccc2c(c1)C1(COC(N)=N1)c1cc(-c3cccnc3F)ccc1O2
CHEMBL3656178,CN1O[C@]2(N=C1N)c1cc(-c3cccc(C#N)c3)ccc1C[C@]21CCc2ccccc2C1
CHEMBL376072,CCNC[C@@H](O)[C@H](Cc1ccccc1)NC(=O)c1cc(C(=O)N[C@H](C)c2ccc(F)cc2)cc(N(C)S(C)(=O)=O)c1
CHEMBL1209893,CCc1cccc(C2(NC[C@@H](O)[C@H](Cc3cc(F)cc(F)c3)NC(C)=O)CCCCC2)c1
CHEMBL4561732,COc1cnc(C(=O)Nc2ccc(F)c([C@]3(C)CCSC(N)=N3)c2)cn1
CHEMBL1916007,CCCC[C@H]1CCN([C@@H](C)C(=O)N[C@@H](Cc2cc(F)cc(F)c2)[C@H](O)[C@H]2C[C@H](O)CN2)C1=O
CHEMBL2151151,CC(=O)N[C@@H](Cc1ccccc1)[C@H](O)CN[C@H]1CC2(CCC2)Oc2ncc(CC(C)(C)C)cc21
CHEMBL3906250,NC1=N[C@](CF)(c2cc(Nc3nccc4cc(Cl)cnc34)ccc2F)C[C@@H](C(F)(F)F)O1
CHEMBL2048042,CC(C)(C)c1cccc(CN[C@H]2CS(=O)(=O)C[C@@H](Cc3cc(O)c(N)c(F)c3)[C@@H]2O)c1
CHEMBL3935940,C#CCOc1cnc(C(=O)Nc2cc(F)c(F)c([C@]3(CF)C[C@@H](C(F)(F)F)OC(N)=N3)c2)cn1
CHEMBL3905117,NC1=NC2(CCO1)c1cc(NC(=O)c3ccc(Cl)cn3)ccc1Oc1c2cc(C2CC2)nc1F
CHEMBL220813,CCCN(CCC)C(=O)c1cccc(C(=O)N[C@@H](Cc2cc(F)cc(F)c2)[C@H](O)CN[C@H](C)C(=O)NCC(C)C)c1
CHEMBL2169940,Cc1ccc(-c2ccc([C@@H]3C[C@@H]3c3cc(=O)n(C)c(N)n3)cc2)cc1
CHEMBL3127101,CN1C(=O)[C@]2(N=C1N)c1cc(Br)ccc1O[C@H]1CCOC[C@@H]12
CHEMBL556660,CCc1cn2c3c(cc(C(=O)N[C@@H](Cc4ccccc4)[C@H](O)CN[C@H](C)CC)cc13)N(C)S(=O)(=O)CC2
CHEMBL3640253,CCc1nc(N2C[C@H]3C(=O)N(C)C(N)=N[C@@]3(c3ccccc3)C2)nc(OC)c1F
CHEMBL402122,CCNc1cc(C(=O)N[C@@H](Cc2ccccc2)[C@H](O)CNC2CCCC2)cc(N2CCCC2=O)c1
CHEMBL3670354,C[C@]1(c2cccc(NC(=O)c3ccc(C#N)cn3)n2)CO[C@@](C)(C(F)(F)F)C(N)=N1
CHEMBL398315,N=C(N)NC(=O)Cn1c(-c2ccc(Oc3ccccc3)cc2)ccc1-c1ccccc1Cl
CHEMBL3683859,NC1=N[C@@](CF)(c2nc(NC(=O)c3ccc(Cl)cn3)ccc2F)[C@@H]2C[C@@H]2O1
CHEMBL140,COc1cc(/C=C/C(=O)CC(=O)/C=C/c2ccc(O)c(OC)c2)ccc1O
CHEMBL3903804,COC1CCC2(CC1)Cc1ccc(C#CC3CC3)cc1C21NC(N)N(CCC(N)=O)C1=O
CHEMBL3642627,CC1(c2cccc(NC(=O)c3ccc(Cl)cn3)c2)CCSC(N)=N1
CHEMBL3977267,N=C1NC(c2cccc(-c3cccnc3)c2)(C2CC2)C(=O)N1C1CCCCC1
CHEMBL3983509,C[C@H]1C[C@H]2CSC(N)=N[C@@]2(c2cc(NC(=O)c3ccc(Cl)cn3)ccc2F)CO1
CHEMBL567633,NC1=N[C@@](c2ccc(OC(F)(F)F)cc2)(c2cccc(-c3cncnc3)c2)C2=NCCCN12
CHEMBL1222236,CC[C@@H](CC(=O)NC(C)C)n1c(N)nc2cc(Cl)ccc21
CHEMBL231861,CCCC(CCC)S(=O)(=O)C[C@@H](NC(=O)c1ccc(OC)cc1)C(=O)N[C@@H](Cc1cc(F)cc(F)c1)[C@H](O)CNCc1cccc(CC)c1
CHEMBL605133,CCc1cc(C2(c3cccc(-c4cccnc4F)c3)N=C(N)N(C)C2=O)cc(CC)n1
CHEMBL250120,CN(c1cc2cc(c1)C(=O)N[C@@H](c1ccccc1)CCc1cccc(c1)C[C@@](C)(N)COC2)S(C)(=O)=O
CHEMBL3986682,NC1=N[C@](CF)(c2cc(Oc3ccccn3)ccc2F)C[C@@H](C(F)(F)F)O1
CHEMBL1097322,CCCN(CCC)C(=O)c1cc(C)cc(C(=O)N[C@@H](Cc2cc(F)cc(F)c2)[C@H](O)[C@H]2CN(S(=O)(=O)c3ccc(C)cc3)CCN2)c1
CHEMBL1821816,Cc1ccccc1-c1ccc2nc(N)c(C[C@H](C)C(=O)NCC3CCCCC3)cc2c1
CHEMBL3653703,CC1=N[C@]2(C[C@@H]([C@@H]3CCCOC3)Oc3ccc(-c4cccc(Cl)c4)cc32)N=C1N
CHEMBL2178143,Cc1cnc(N2C[C@H]3C(=O)N(C)C(=N)N[C@@]3(c3cc(-c4cccc(C#N)c4)cs3)C2)nc1
CHEMBL4551234,Cc1noc(C)c1[C@@H]1C[C@@](C)(c2ccc(F)cc2F)N=C(N)S1
CHEMBL2437434,CN1C(=O)C[C@@](C)(CCc2cccc(-c3ccccc3)c2)N=C1N.O=C(O)C(F)(F)F
CHEMBL247595,CCCC[C@H](O)[C@H](Cc1cc(F)cc(F)c1)NC(=O)c1cc(NCC2CC2C)nc(N(C)S(C)(=O)=O)c1
CHEMBL3658616,CC1=C[C@@](C)(c2cc(NC(=O)c3ccc(C#N)cn3)ccc2F)N=C(N)O1
CHEMBL1165458,CCOC(=O)CN1C(C)=C(C(=O)NOCc2ccccc2)C(C)C(C(=O)N[C@@H](Cc2ccccc2)[C@H](O)CNC2CC2)=C1C
CHEMBL271437,C[C@H](NC[C@@H](O)[C@H](Cc1ccccc1)NC(=O)c1cccc(N2CCCS2(=O)=O)c1)C(=O)NC1CCCCC1
CHEMBL3705027,NC1=N[C@@]2(c3ccccc3)CN(c3ncc(F)cn3)C[C@H]2CS1
CHEMBL2177309,NC1=NC(c2ccncc2)(c2cccc(-c3cncnc3)c2)c2cccc(F)c21
CHEMBL3890293,CCOc1cccnc1Nc1ccc(F)c([C@]2(C(F)F)COCC(N)=N2)c1
CHEMBL4566555,Cc1ccc(/C=N/C2CCN(Cc3ccccc3)CC2)cc1
CHEMBL2177473,CC(C)Oc1cccc(CN2CC[C@@]3(C[C@@H]2C)CN(C)S(=O)(=O)N3c2cccc(F)c2)c1
CHEMBL3394221,NC1=N[C@@]2(CO1)c1cc(-c3cccnc3F)ccc1Oc1c2cc(C2=CCOCC2)nc1F
CHEMBL1092879,Nc1cccc(Cn2c(-c3ccccc3)ccc2-c2ccccc2)n1
CHEMBL2380806,CC1(C)Cc2cc(Cl)ccc2C(NC(Cc2ccsc2)C(=O)O)=N1
CHEMBL253865,O=C(N[C@@H](Cc1ccccc1)[C@H](O)C(=O)Nc1cccc(-c2nn[nH]n2)c1)c1cc(=O)cc(C(=O)N2COC[C@@H]2c2ccccc2)[nH]1
CHEMBL3680869,C[C@]1(c2cc(NC(=O)c3ccc(OCC(F)(F)F)cn3)ccc2F)N=C(N)OC[C@@H]1F
CHEMBL443239,CCCN(CCC)C(=O)c1cccc(C(=O)N[C@@H](Cc2ccccc2)[C@H](O)CNCc2cccc(OC)c2)c1
CHEMBL3900583,NC1=N[C@](CF)(c2cc(NC(=O)c3nn(C(F)F)cc3Cl)ccc2F)C[C@@H](C(F)(F)F)O1
CHEMBL4111654,COc1cnc(C(=O)Nc2ccc(F)c([C@@]3(C)N=C(N)OCC3(F)F)n2)c(C)c1
CHEMBL3414704,COC[C@@H]1CSC(N)=N[C@]1(C)c1ccc(F)cc1F
CHEMBL2408737,CC(=O)N[C@@H](Cc1cc(F)cc(F)c1)[C@H](O)CN[C@H]1CCOc2ccc(CC(C)(C)C)cc21
CHEMBL3917490,COc1cccc(-c2cccc(C3(c4ccccc4)NC(=N)N(C4CCCCC4)C3=O)c2)c1
CHEMBL522778,CCCCNC(=O)[C@H](C)C[C@H](O)[C@@H]1CCCCCCCCCC(=O)N[C@@H](C)C(=O)N1
CHEMBL404256,N/C(=N/C(=O)Cn1c(-c2ccccc2)ccc1C12CC3CC(CC(C3)C1)C2)NC1CCCCC1
CHEMBL3673231,COC1CCC2(CC1)Cc1ccc(Br)cc1C21N=C(N)c2ccc(C(F)(F)F)cc21
CHEMBL387771,CC(C)C[C@H](NC(=O)c1cc(C(=O)N[C@H](C)c2ccccc2)cc(N(C)S(C)(=O)=O)c1)[C@@H](O)C[C@@H](C)C(=O)N[C@H](C(=O)NC(C)C)C(C)C
CHEMBL3650852,COc1cnc(C(=O)Nc2ccc3c(c2)C2(COC(N)=N2)C2(COC2)C(C)(C)O3)cn1
CHEMBL5175673,COc1cnc(C(=O)Nc2ccc(F)c([C@@]3(C)N=C(N)[C@](C)(S(C)(=O)=O)C[C@@H]3F)c2)cn1
CHEMBL3954417,CC(C)[C@H]1C[C@@H](c2ccccc2)CCN1C(=O)[C@H]1CNC[C@@]12CCCc1ccccc12
CHEMBL4743485,O=C(N/N=C/c1ccccc1)N1CCN(c2ccccn2)CC1
CHEMBL4745534,COc1cc(-c2nnc(N3CCN(c4ccccn4)CC3)o2)cc(OC)c1OC
CHEMBL3653389,C[C@@]1(c2cc(Br)cc(NC(=O)c3ccc(Cl)cn3)c2)COCC(N)=N1
CHEMBL403241,O=C(N[C@@H](Cc1cc(F)cc(F)c1)[C@H](O)[C@H]1C[C@@H](OCc2ccccc2)CN1)[C@H]1CC(=O)N(Cc2ccc(F)cc2)C1
CHEMBL3981595,COc1cnc(C(=O)Nc2ccc3c(c2)C2(CCOC(N)=N2)c2cc(C4=CCCOC4)ncc2O3)cn1
CHEMBL2349466,CC1(C)Cc2ccc(-c3cncnc3)cc2C2(COC(N)=N2)C1
CHEMBL4764465,Oc1ccc(CNC2CCN(Cc3ccccc3)C2)cc1
CHEMBL5074449,C[C@@]1(c2cc(NC(=O)c3ncc(OC(F)F)cc3Cl)ccc2F)CO[C@@](C)(C(F)(F)F)C(N)=N1
CHEMBL4167898,C[C@@]1(c2cc(NC(=O)c3cncnc3)ccc2F)COCC(N)=N1
CHEMBL129964,O=C(/C=C(O)/C=C/c1ccc(O)c(O)c1)/C=C/c1ccc(O)c(O)c1
CHEMBL467216,C=CCc1ccc(Nc2cc(-c3ccccc3)ncn2)cc1NS(C)(=O)=O
CHEMBL3677229,COc1ccc([N+](=O)[O-])c(/C=C/C(=O)CC(=O)/C=C/c2ccc(O)cc2)c1
CHEMBL237062,CCCOc1ccc(-c2scc(-c3ccccc3Cl)c2CC(=O)N=C(N)N)cc1
CHEMBL4740797,COC[C@]12C[C@H]1[C@@](C)(c1cc(/C=C(\F)c3ccc(C#N)cn3)ccc1F)N=C(N)S2
CHEMBL3742160,Cc1cc(F)cnc1C(=O)Nc1ccc(F)c([C@]2(C)C[S@@]3(=O)=NCCCCN3C(N)=N2)c1
CHEMBL3634130,COc1cnc(C(=O)Nc2ccc(F)c([C@@]3(C4CC4)N=C(N)CO[C@@H]3F)c2)cn1
CHEMBL1824133,CN1C(=O)C(c2cccc(-c3cncnc3)c2)(c2cnn(C)c2)N=C1N
CHEMBL3642631,COCc1cc(NC(=O)c2ccc(C)cc2)cc(C2(C)CCSC(N)=N2)c1
CHEMBL2180022,CC1=NC(c2ccccc2)(c2cccc(-c3cccnc3)c2)N=C1N
CHEMBL150,O=c1c(O)c(-c2ccc(O)cc2)oc2cc(O)cc(O)c12
CHEMBL381919,O=C(Nc1cc(Br)ccc1N1CCNCC1)c1cc2ccccc2oc1=O.O=C(O)C(F)(F)F
CHEMBL3926258,C[C@@]1(c2cc(NC(=O)c3ccc(C#N)cn3)cc(F)c2Cl)C[C@@H](C(F)(F)F)OC(N)=N1
CHEMBL557352,COc1cccc(CNC[C@@H](O)[C@H](Cc2cc(F)cc(F)c2)NC(=O)c2cc(/C(C)=N\O)cc(N3CCCCS3(=O)=O)c2)c1
CHEMBL2425600,COC[C@@H](Oc1cc(C[C@@H]2C[S@@+]([O-])C[C@H](NCc3cc(C(C)(C)C)ccc3F)[C@H]2O)cc(F)c1N)C(F)(F)F
CHEMBL3639946,CN1C(=O)CC2(N=C1N)c1cc(-c3cccnc3F)ccc1Oc1c2cc(-c2ccnc(F)c2)nc1F
CHEMBL3127098,NC1=N[C@@]2(CS1)c1cc(-c3cccnc3F)ccc1O[C@@H]1CCOC[C@H]12
CHEMBL260635,CN(C)c1cccc(CNC[C@@H](O)[C@H](Cc2ccccc2)NC(=O)[C@@H]2CN(Cc3ccc(F)cc3)C(=O)N2)c1
CHEMBL3986498,COc1cnc(C(=O)Nc2ccc(F)c([C@@]34N=C(N)SC[C@@H]3CCO4)c2)cn1
CHEMBL2346794,CC1(C)Cc2cc(Cl)ccc2C(NC(Cc2ccccc2)c2ncccn2)=N1
CHEMBL4128947,COc1cccc(-c2nc(SC(C(N)=O)c3nc(-c4ccccc4)cs3)[nH]c(=O)c2C#N)c1
CHEMBL2059329,OC(CSc1ccc2ccccc2c1)Cn1ccc2ccccc21
CHEMBL2178200,COc1ccc(-c2noc(C)c2C(=O)/N=C(\N)NCc2cc(Cl)cc(Cl)c2)cc1
CHEMBL3677277,NC1=N[C@]2(c3cc(-c4cccnc4F)ccc3Oc3c(F)cc(N4CCOCC4)cc32)c2nccn21
CHEMBL4854848,CC1(c2cc(NC(=O)c3ccc(C#N)cn3)ccc2F)Cc2cncc(F)c2C(N)=N1
CHEMBL3670915,CC1(C)OCC(N)=N[C@](C)(c2cc(N[C@@H]3CCc4cc(C#N)cnc43)ccc2F)C1(F)F
CHEMBL4464845,Cc1cc(Cl)cnc1C(=O)Nc1ccc(F)c([C@@]2(C)N=C(N)[C@]3(C)CC[C@H]2S3(=O)=O)c1
CHEMBL3670327,C[C@@]1(c2cc(NC(=O)c3ccc(F)cn3)ccc2F)C=CSC(N)=N1
CHEMBL1934194,COc1c2occc2c(OCC=C(C)C)c2ccc(=O)oc12
CHEMBL2181997,COC(=O)[C@H]1C[C@]2(CN1)C(=O)Nc1ccccc12
CHEMBL4284107,CN(C)Cc1ccccc1-c1ccc(NCCCN2CCCCC2)c(OCCN2CCCCC2)c1
CHEMBL213904,O=C(Nc1cc(Br)ccc1N1CCN(CCO)CC1)c1cccc2ccccc12
CHEMBL1270436,CN1C(=O)[C@@](c2ccc(OC(F)F)cc2)(c2ccc(F)c(OCCC=C(F)F)c2)N=C1N
CHEMBL3640240,CCCCc1ccc(C(=O)Nc2ccc(F)c([C@@]3(C)N=C(N)SCC3(F)F)c2)nc1
CHEMBL3894188,COc1cnc(C(=O)Nc2ccc3c(c2)C2(CCSC(N)=N2)c2cc(-c4ccnc(F)c4)nc(F)c2O3)cn1
CHEMBL4114125,C[C@]1(c2cc(NC3CCc4cc(Cl)ccc43)ccc2F)COCC(N)=N1
CHEMBL1087609,CC(C)CNC(=O)[C@H](C)C[C@H](O)[C@H](CC(C)C)NC(=O)[C@H](Cc1ccccc1)NC(=O)c1ccccc1
CHEMBL1164644,NC(=O)c1ccc[n+](CC(=O)Nc2cccc(NC(=O)c3ccccc3)c2)c1.[Cl-]
CHEMBL2178178,COc1ccc(-c2nsc(C)c2C(=O)/N=C(\N)NCc2cc(Cl)c(N)c(Cl)c2)cc1
CHEMBL5184716,COc1cnc(-c2ccc(F)c([C@]3(CF)CC[C@](C)(C#N)C(N)=N3)c2)cn1
CHEMBL5197842,C[C@@]1(C(F)F)C(=N)N[C@](C)(c2nc(NC(=O)c3ccc(C#N)cn3)ccc2F)CS1(=O)=O
CHEMBL4521954,C[C@@]1(c2cccc(NC(=O)c3ccc(C#N)cn3)c2)Cn2nccc2C(N)=N1
CHEMBL3680884,C[C@]1(c2cc(NC(=O)C3CC3)ccc2F)N=C(N)OC[C@@H]1F
CHEMBL2396987,C[C@@]1(c2ccccc2)CCSC(N)=N1
CHEMBL238087,CC1(c2ccccc2)CC(=O)NC(N)=N1
CHEMBL455667,C=C(C)[C@H](CCC(C)(C)O)Cc1c(O)cc(OC)c2c1O[C@H](c1ccc(O)cc1O)CC2=O
CHEMBL311498,Oc1cc(O)c2c(c1)O[C@H](c1ccc(O)c(O)c1)[C@@H](O)C2
CHEMBL2047228,Cc1ccc(CNc2ccnc(NC3CCN(Cc4ccccc4)CC3)n2)cc1
CHEMBL211499,CCCCNC(=O)[C@H](C)C[C@H](O)[C@@H]1CSC/C=C\CSC[C@H](NC(=O)OC(C)(C)C)C(=O)N[C@@H](C)C(=O)N1
CHEMBL4212215,O=S(=O)(c1ccc(Cl)cc1)N(CC(O)Cn1c2ccccc2c2ccccc21)C1CCCCC1
CHEMBL3707021,COc1ccc2c(c1)CCC2(Cc1ccc(C(F)(F)F)cc1)c1cn(C)c(N)n1
CHEMBL4209354,COc1ccccc1[C@]12CO[C@@H](C)C[C@H]1CSC(N)=N2
CHEMBL3653710,CC1=NC2(CCCc3ccc(-c4cncc(Cl)c4)cc32)N=C1N
CHEMBL3673210,COC1CCC2(CC1)Cc1ccc(C#CC3CC3)cc1C21N=C(N)N2CCCN=C21
CHEMBL1824349,CCc1cc(C2(c3cccc(-c4cncnc4)c3)N=C(N)N(C)C2=O)cs1
CHEMBL539653,COc1cccc(CNC[C@@H](O)[C@H](Cc2cc(F)cc(F)c2)NC(=O)c2cccc(N(c3ccccc3)S(C)(=O)=O)c2)c1
CHEMBL2047897,CC(C)(C)c1cccc(CN[C@H]2CS(=O)(=O)C[C@@H](Cc3ccc4[nH]ccc4c3)[C@@H]2O)c1
CHEMBL4061602,C[C@@H](NCc1cc([C@]2(C)CCSC(N)=N2)c(F)cc1F)C(F)(F)F
CHEMBL3913558,CO[C@H]1CC[C@]2(CC1)Cc1ccc(NC(=O)c3ncc(Br)cn3)cc1C21N=C(C)C(N)=N1
CHEMBL4453051,c1ccc(CNC2CCN(Cc3ccccc3)CC2)cc1
CHEMBL3919475,C[C@@]1(c2cc(Nc3cccc4cc(OC(F)F)cnc34)ccc2F)COCC(N)=N1
CHEMBL2403761,CN1C(=O)C(C)(c2cccc(NC(=O)c3ccc(Cl)cn3)c2)N=C1N
CHEMBL2177301,CCn1cc(C2(c3cccc(-c4cncc(F)c4)c3)N=C(N)c3c(F)cccc32)cc(C)c1=O
CHEMBL3672406,O=C(/C=C/c1ccc(O)cc1)CC(=O)/C=C/c1c[nH]c2ccccc12
CHEMBL4525199,C[C@@]1(c2cc(NC(=O)c3ccc(C#N)cn3)ccc2F)Cn2ccnc2C(N)=N1
CHEMBL1164484,C[C@@]12CC[C@@H](O)[C@@H]3COC(=C31)C(=O)c1cc3ccccc3cc12
CHEMBL1719948,CC(C)(O)CCc1c(-c2ccc(O)cc2O)oc2c3c(cc(O)c2c1=O)OC(C)(C)C=C3
CHEMBL442238,CC(C)N1CCCCc2cccc(c2)C[C@@](C)(N)C(=O)OCc2cc1nc(N(C)S(C)(=O)=O)c2
CHEMBL3927467,NC1=NC2(CCS1)c1cc(Br)ccc1CC21CCc2ccccc2CC1
CHEMBL1762555,O=C1C(c2ccc(O)cc2)=CC(=O)c2c(O)cccc21
CHEMBL4848996,CN1C(N)=N[C@](C)(c2cc(-n3[se]c4ccc(F)cc4c3=O)ccc2F)CS1(=O)=O
CHEMBL1258002,CC(=O)N[C@@H](Cc1cc(F)cc(F)c1)[C@H](O)CNC1(c2cnn(CC(C)(C)C)c2)CC1
CHEMBL585215,NC1=NC(c2ccccc2)(C2CCCCC2)C(=O)N1Cc1ccccc1
CHEMBL3703223,NC1=NC2(CO1)c1cc(Br)c(F)cc1OCC21CC1
CHEMBL3925501,CN1C(=O)C2(N=C1N)c1cc(-c3cccnc3)ccc1OC21CCc2ccccc2CC1
CHEMBL3924839,Cc1onc2c1CC1(CC2)Cc2ccc(C#CC3CC3)cc2C12N=C(N)N(C)C2=O
CHEMBL3653357,CC1(c2cccc(NC(=O)c3cnc(O)cn3)c2)COCC(N)=N1
CHEMBL1915977,COC[C@H]1CCN([C@@H](CCc2ccccc2)C(=O)N[C@@H](Cc2cc(F)cc(F)c2)[C@H](O)CNCc2cccc(OC)c2)C1=O
CHEMBL3677244,COCOc1cc(O)ccc1/C=C/C(=O)CC(=O)/C=C/c1ccc(O)cc1
CHEMBL3670913,C[C@]1(c2cc(Nc3ccc(C#N)cc3)ccc2F)N=C(N)COCC1(F)F
CHEMBL3640231,C[C@@]1(c2cc(NC(=O)CCc3cccc(N)c3)ccc2F)CCSC(N)=N1
CHEMBL1209420,CC(=O)N[C@@H](Cc1cc(F)cc(F)c1)[C@H](O)CNC1(c2cccc(N3CC4CCC3C4)c2)CC1
CHEMBL573378,CO[C@@H](COc1ccccc1)C[C@H](O)[C@H](COc1cc(F)cc(F)c1)NC(=O)c1cc(C(=O)N[C@H](C)c2ccccc2)cc(N(C)S(C)(=O)=O)c1
CHEMBL463864,C[C@@H](NC(=O)c1cc(C(=O)N[C@@H](Cc2ccccc2)[C@H](O)CNC2CC2)cc2c1CCCO2)c1ccc(F)cc1
CHEMBL401338,COc1cccc(CNC[C@@H](O)[C@H](Cc2ccccc2)NC(=O)CCS(=O)(=O)NCCC(C)C)c1
CHEMBL3908739,COC1CCN(C(=O)Nc2ccc(F)c([C@]3(C)C[C@@H](C(F)(F)F)OC(N)=N3)c2)CC1
CHEMBL3653661,CC1=NC2(CCOc3ccc(NC(=O)c4ccc(C(F)(F)F)cn4)cc32)N=C1N
CHEMBL3690085,C#CCOc1cnc(C(=O)Nc2cccc(C3(C)CC(=O)N(C)C(N)=N3)c2)cn1
CHEMBL61236,Nc1ccc2ccccc2n1
CHEMBL1163230,Clc1ccc(/C=N/Nc2nc(Nc3cccc(Br)c3)nc(N3CCOCC3)n2)cc1
CHEMBL5270454,COc1nc(N)nc(Nc2ccccc2)c1/N=C/Cc1ccccc1Cl
CHEMBL1762687,CC(=O)Oc1cc(-c2ccccc2)c(OC(C)=O)c(-c2ccccc2)c1
CHEMBL3236220,O=C(NC1CCCCC1)c1c[nH]c2ccc(S(=O)(=O)Nc3ccc(C(F)(F)F)cc3)cc2c1=O
CHEMBL4204085,Cc1ccc(N(CC(O)Cn2c3ccccc3c3ccccc32)S(=O)(=O)c2ccccc2)cc1
CHEMBL1923706,CC(C)(C)Nc1c(-c2ccc(-c3nc4ccccc4[nH]3)cc2)nc2ccccn12
CHEMBL3752467,c1ccc2oc(CNCCCCCCCNc3c4c(nc5ccccc35)CCCC4)cc2c1
CHEMBL1923700,C[C@H](NC(=O)c1cc(-c2nc3ccccc3[nH]2)cc(N(C)S(C)(=O)=O)c1)c1ccccc1
CHEMBL4071284,O=C(Nc1ccncc1)c1cccc(-c2cnc(-c3c[nH]c4ccccc34)[nH]2)c1
CHEMBL5190569,COc1cc(/C=C/c2nnc(-c3ccc(C(F)(F)F)cc3)o2)ccc1O
CHEMBL2151179,CC#Cc1cncc(-c2ccc([C@]3(C)CC(=O)N(C)C(=N)N3)s2)c1
CHEMBL3932723,COC1CCC2(CC1)Cc1ccc(C#CC3CC3)cc1C21N=C(N)N(Cc2nccs2)C1=O
CHEMBL3680895,C[C@]1(c2cc(NC(=O)c3ccc(Cl)cn3)ccc2F)N=C(N)OC[C@@H]1OCC(F)(F)F
CHEMBL3898229,CO[C@H]1CC[C@]2(CC1)Cc1ccc(C#CC3CC3)cc1C21CC(=O)N(C)C(N)=N1
CHEMBL2403779,NC1=N[C@@]2(c3cc(NC(=O)c4ccc(Cl)cn4)ccc3F)C[C@H]2COC1
CHEMBL4092459,CC(=O)N[C@@H](Cc1cc(F)cc(F)c1)[C@H](O)[C@H]1C[C@@H](OCC2CCCCC2)CN1.Cl
CHEMBL3422244,Cc1coc([C@H]2C[C@H]3[C@@H](CF)SC(N)=N[C@@]3(c3ccc(F)cc3F)CO2)n1
CHEMBL3394227,NC1=N[C@@]2(CO1)c1cc(-c3cccnc3F)ccc1Oc1c2cc(N2CC[C@@H](F)C2)nc1F
CHEMBL4112636,NC1=N[C@]2(COCC1)c1cc(-c3cccnc3F)ccc1Oc1cnc(-c3ccnc(F)c3)cc12
CHEMBL3634129,C[C@]1(c2cc(NC(=O)c3cnc(Cl)cn3)ccc2F)N=C(N)CO[C@@H]1C(F)(F)F
CHEMBL3695728,CN1C(=O)[C@]2(N=C1N)c1cc(C3=CCOCC3)ccc1Oc1ccc(-c3cccnc3F)cc12
CHEMBL2047035,CC(C)c1cccc(CNC[C@@H](O)[C@@H]2COC/C=C/CCCNC(=O)c3cc(cc(N(C)S(C)(=O)=O)c3)C(=O)N2)c1
CHEMBL3901477,NC1=NC(c2cc(NCc3cc(Br)co3)ccc2F)(C(F)F)COC1
CHEMBL4591283,COc1cc(CNC2CCN(Cc3ccccc3)CC2)cc(OC)c1OC
CHEMBL3677236,O=C(/C=C/c1ccc(O)cc1)CC(=O)/C=C/c1cc(OCc2ccccc2)ccc1-c1ccccc1
CHEMBL3741055,C[C@@]1(c2cc(-c3cc(-c4ncc(Cl)cn4)no3)ccc2F)C[S@@]2(=O)=NCCCCN2C(N)=N1
CHEMBL1164306,Cc1ccc(CNC(=O)c2ccc(N3CC4CC(C3)c3cccc(=O)n3C4)c(NS(=O)(=O)c3ccc4c(c3)OCCO4)c2)cc1
CHEMBL220346,Nc1ncccc1NCc1cccc(-c2cccnc2)c1
CHEMBL2380439,CCC1(c2cccc(-c3cncnc3)c2)N=C(N)c2ccccc2O1
CHEMBL568967,CCCCNC(=O)NCc1ccc(CN2C(=N)NC(C)(CC(C)C)C2=O)cc1
CHEMBL464913,O=C(Cc1cccc2ccccc12)Nc1cc(Br)ccc1OCCNC1CCCCC1
CHEMBL5268805,O=c1c(/C=N/Nc2ccc(C(F)(F)F)cc2)coc2cc3oc(-c4cccc(Cl)c4)cc3cc12
CHEMBL3747381,CC(C)c1ccc(C(=O)O[C@H]2CN(S(=O)(=O)c3ccccc3)C[C@@H]2Nc2nc3cc(F)ccc3[nH]2)cc1
CHEMBL3747247,CC(=O)N1C[C@H](Nc2nc3cc(C)ccc3[nH]2)[C@@H](OC(=O)c2ccc(-c3ccccc3)cc2)C1
CHEMBL3983050,COCCN1C(=O)C2(C=C1N)c1cc(C3CC3)ccc1C[C@]21CC[C@@H](OC)CC1
CHEMBL5268019,COc1ccc(NC(=O)C2CCN(C(=O)c3ccccc3)CC2)cc1
CHEMBL3973282,COC1CCC2(CC1)Cc1ccc(Br)cc1C21CN(CC(F)(F)F)C(N)=N1
CHEMBL3653477,CC1(c2cc(NC(=O)c3ncc(C(F)(F)F)cc3Cl)ccc2F)N=C(N)COCC1(F)F
CHEMBL605518,CN1C(=O)C(c2cccc(NC(=O)c3ccc4c(c3)OCO4)c2)(C2CCCCC2)N=C1N
CHEMBL1760866,CC(C)Oc1cccc(CN[C@H]2CS(=O)(=O)C[C@@H](Cc3ccc(O)c(Br)c3)[C@@H]2O)c1
CHEMBL3925243,CNC(=O)c1ccc(C#Cc2ccc(F)c([C@]3(CF)C[C@@H](C(F)(F)F)OC(N)=N3)c2)nc1
CHEMBL3653435,CCc1nc(C(=O)Nc2cccc(C3(C(F)F)COCC(N)=N3)c2)co1
CHEMBL3985554,Cc1noc2c1CC1(CC2)Cc2ccc(Br)cc2C12N=C(N)N(C)O2
CHEMBL3642601,CC1(c2cccc(OCC(=O)Nc3ccc(Cl)cc3)c2)CCSC(N)=N1
CHEMBL4062699,[2H]C1([2H])OC(N)=N[C@]12c1cc(-c3cc(Cl)cc(C#N)c3)ccc1C[C@]21CC[C@@H](OC)CC1
CHEMBL237891,Cn1c(N)nc(CCc2ccc3cc[nH]c3c2)cc1=O
CHEMBL404341,CCCOc1ccc(-c2ccc(-c3ccccc3Cl)n2CC(=O)/N=C(/N)NCc2ccco2)cc1
CHEMBL1934288,O=C([C@@H]1CNC[C@H]1c1ccccc1Br)N1CCC(c2ccccc2)CC1
CHEMBL1084154,CC(=O)NC(C)(C)[C@H]1CCC[C@@H](C(=O)N[C@@H](Cc2ccccc2)[C@@H](O)CNCc2cccc(C(C)C)c2)C1
CHEMBL1269840,CC(=O)N[C@@H](Cc1cc(F)cc(F)c1)[C@H](O)CNC1(c2cccc(-n3cccn3)c2)CCOCC1
CHEMBL3672427,COc1cc(/C=C/C(=O)CC(=O)/C=C/c2ccc(N(C)C)cc2Cl)ccc1O
CHEMBL3672409,O=C(/C=C/c1ccc(O)cc1)CC(=O)/C=C/c1ccc(O)cc1Cl
CHEMBL3645167,CC1(c2cc(Cl)cc(NC(=O)c3cc4ccccc4s3)c2)CCSC(N)=N1
CHEMBL2349479,CN1C(=O)C2(CC(C)(C)Sc3ccc(-c4cncnc4)cc32)N=C1N
CHEMBL402305,CCCCCS(=O)(=O)c1cccc(C(=O)N[C@@H](Cc2ccccc2)[C@H](O)CN[C@@H](C)C(=O)NC2CCCCC2)c1
CHEMBL3659639,COc1ccc(C(Cc2cccc(Br)c2)c2cn(C)c(N)n2)cc1
CHEMBL5170080,COc1cnc(C(=O)Nc2ccc(F)c([C@]3(C)CS(=O)(=O)[C@](C)(C(F)F)C(=N)N3)c2)cn1
CHEMBL541485,C[C@@H](NC(=O)c1cc(NC(=O)CC[C@@](O)(Cc2ccccc2)C(=O)N[C@H]2c3ccccc3C[C@H]2O)cc(N(C)S(C)(=O)=O)c1)c1ccccc1
CHEMBL2322833,NCc1ccc(CNC(=O)Cc2ccc(-c3ccccc3)cc2)cc1.O=C(O)C(F)(F)F
CHEMBL592382,COC(=O)CCc1c(O)cc2occc2c1OCC=C(C)C
CHEMBL1258803,CC(=O)N[C@@H](Cc1cc(F)cc(F)c1)[C@H](O)CNC1(c2nc(C(C)(C)C)co2)CCCCC1
CHEMBL1163648,CCN1CCN(CCNC(=O)c2ccc3c(=O)n(Cc4ccc(Cl)cc4)c(=S)[nH]c3c2)CC1
CHEMBL4637913,CCNC(=O)[C@@H]1C[C@H]1[C@]12COC[C@H]1CSC(N)=N2
CHEMBL2058780,Cc1ccc(OCC(=O)N[C@@H]2c3cc(NC(=O)COc4ccc(C#N)cc4C)ccc3C[C@@H]2O)cc1
CHEMBL3586132,Cl.NC1=NC23CCC(NC(=O)c4cccc(Cl)c4)CC2(COC3)CS1
CHEMBL4860617,CC(C)(C)CNC[C@@H](O)[C@H](Cc1ccccc1)NC(=O)CC(c1ccccc1)c1ccccc1
CHEMBL5287890,Cc1cc2c(c(C)c1CCO[C@@H]1O[C@H](CO)[C@@H](O)[C@H](O)[C@H]1O)C(=O)[C@@H](C)[C@H]2O
CHEMBL2059606,Oc1ccccc1SCC(O)Cn1c(-c2ccccc2)cc2ccccc21
CHEMBL449357,COc1ccc(C2(c3csc(N)n3)CCCC2)cc1
CHEMBL1762678,COc1ccc(C2=CC(=O)C(c3ccc(OC)cc3)=CC2=O)cc1
CHEMBL495292,O=C1N=C(NC2CCCCC2)C2(CCN(Cc3ccccc3)CC2)N1c1ccccc1
CHEMBL2059453,Cc1ccccc1SCC(O)Cn1c2c(c3ccccc31)CCC2
CHEMBL3897179,CN1OC2(C=C1N)c1cc(-c3cccc(C#N)c3)ccc1CCC21CCc2ccccc2CC1
CHEMBL2408784,CC1(C)Cc2ccc(-c3cncnc3)cc2C12C=C(F)C(N)=N2
CHEMBL3690090,COCCOc1cnc(C(=O)Nc2cccc(CNc3cccnc3N)c2)cn1
CHEMBL4532096,Clc1ccc2nc(-c3cccc(N4CCc5ccccc5C4)n3)[nH]c2c1
CHEMBL1923751,c1cc(-c2cn3ccccc3n2)cc(-c2nc3ccccc3[nH]2)c1
CHEMBL3640241,C[C@@]1(c2cc(Nc3ncc4ccccn34)ccc2F)CCSC(N)=N1
CHEMBL558078,C#CCNC[C@@H](O)[C@H](Cc1ccccc1)NC(=O)c1cc2c3c(c1)c(CC)cn3CCS(=O)(=O)O2
CHEMBL5272974,COc1ccc(/C=C/C(=O)c2cc(I)c(OC)cc2O)cc1
CHEMBL5279409,O=C1Cc2cc(N3C(=O)c4ccccc4C3=O)ccc2CN1C(=O)c1ccccc1
CHEMBL3688725,COc1cnc(C(=O)Nc2ccc(Cl)c([C@@]3(CF)N=C(N)O[C@@H]4C[C@@H]43)c2)c(C)n1
CHEMBL3703230,NC1=NC2(CO1)c1cc(Nc3ccccn3)ccc1OCC21COC1
CHEMBL2177313,COc1ccc(C2(c3cccc(-c4cncnc4)c3)COC(N)=N2)cc1
CHEMBL386666,CN(c1cc2cc(c1)C(=O)NC(CO)Cc1cccc(c1)OCCNC2=O)S(C)(=O)=O
CHEMBL3650835,NC1=NC2(c3cc(-c4cncnc4)ccc3OCC23CC3)C(F)(F)CO1
CHEMBL3902076,COc1cnc(C(=O)Nc2ccc3c(c2)C2(CCSC(N)=N2)c2cc(C4=CCOCC4)nc(F)c2O3)c(C)c1
CHEMBL253421,N#Cc1ccc(COc2ccc(-c3ccc(-c4ccccc4)n3CC(=O)NC(=N)N)cc2)cc1
CHEMBL565337,CC(=O)N[C@@H](Cc1cc(F)cc(F)c1)[C@H](O)CN[C@@]1(c2cccc(C(C)(C)C)c2)CC[C@H](N(O)C(C)=O)NC1
CHEMBL4561901,C[C@H]1OC[C@]2(c3cc(NC(=O)c4ccc(C#N)cn4)ccc3F)N=C(N)[C@](C)(C#N)C[C@H]12
CHEMBL1222033,Nc1nc2cc(Cl)ccc2n1CCCC(=O)NCc1cccc(F)c1
CHEMBL1092000,Nc1cccc(Cn2c(-c3ccc(Oc4cnccn4)cc3)ccc2-c2ccccc2Cl)n1
CHEMBL2180018,COc1cccc(-c2cccc(C3(C)N=C(C)C(N)=N3)c2)c1
CHEMBL1210334,C[C@H](NC[C@@H](O)[C@H](Cc1ccccc1)NC(=O)c1cccc(NS(=O)(=O)c2ccccc2)c1)C(=O)NC1CCCCC1
CHEMBL518294,C#Cc1cc(C(=O)N[C@@H](Cc2ccccc2)[C@H](O)CNC2CC2)cc(C(=O)N[C@H](C)c2ccccc2)c1
CHEMBL1230648,CC(=O)N[C@@H](Cc1cc(F)cc(F)c1)[C@H](O)CNC1(c2cc(CC(C)(C)C)cs2)CC1
CHEMBL3962806,NC1=NC2(CCO1)c1cc(NC(=O)c3ccc(Cl)cc3F)ccc1Oc1ncc(Br)cc12
CHEMBL4516761,CC(Cc1cc2ccccc2nc1N)C(=O)N1CC[C@H]2OCCC[C@@]2(Cc2ccccc2)C1
CHEMBL2011995,CN1C(=N)NC(c2cccnc2)(c2cccc(-c3cccc(Cl)c3)c2)C1=O
CHEMBL1163407,CC1=C(C(=O)NOCc2ccccc2)C(c2ccccc2)C(C(=O)N[C@@H](Cc2ccccc2)[C@H](O)CNC2CC2)=C(C)N1S(C)(=O)=O
CHEMBL3670323,C[C@@]1(c2cc(NC(=O)c3cnc(-n4cncn4)cn3)ccc2F)C=CSC(N)=N1
CHEMBL3677219,O=C(/C=C/c1ccc(O)cc1)CC(=O)/C=C/c1cccc(Br)c1
CHEMBL3677211,CCN(CC)c1ccc(/C=C/C(=O)CC(=O)/C=C/c2ccc(O)cc2)c(OCc2ccccc2)c1
CHEMBL2047044,Cc1cc2cc(c1)C(=O)N[C@H]([C@H](O)CNCc1cccc(C(C)C)c1)COC/C=C/C[C@@H](c1ccccc1)NC2=O
CHEMBL4527268,Cc1noc(C)c1[C@@H]1C[C@@](C)(c2sccc2Cl)N=C(N)S1
CHEMBL3656182,COC1CCC2(CC1)Oc1ccc(-c3cccc(C#N)c3)cc1C21N=C(N)N(C)O1
CHEMBL3975662,C[C@@]1(c2cc(Nc3ccon3)ccc2F)COCC(N)=N1
CHEMBL1258121,CC(=O)N[C@@H](Cc1cc(F)cc(F)c1)[C@H](O)CNC1(c2cn(CC(C)(C)C)nn2)CC1
CHEMBL3673226,COC1CCC2(CC1)Oc1ccc(C#CC3CC3)cc1C21N=C(N)c2ccccc21
CHEMBL1163263,Cc1cc(O)c2c(C)c(CC(=O)N[C@H](CCCNC(N)=O)C(=O)O)c(=O)oc2c1
CHEMBL2322540,NCc1ccc(CNC(=O)Cc2ccc(-c3c(F)c(F)c(F)c(F)c3F)cc2)cc1
CHEMBL1164642,C[C@H](NC(=O)c1cc(OCC(=O)NCCCCCN)cc(OS(=O)(=O)Cc2ccccc2)c1)c1ccccc1
CHEMBL1164397,O=C(O)c1cccc(-c2ccc(/C=N/Nc3nc(Nc4ccccc4)nc(N4CCCCC4)n3)o2)c1
CHEMBL1163658,Oc1c(I)cc(I)cc1/C=N/Nc1nc(NCc2ccccc2)nc(N2CCOCC2)n1
CHEMBL1165356,CC1CCCCN1CCNC(=O)c1cc(=O)[nH]c2ccc(S(=O)(=O)N3CCOCC3)cc12
CHEMBL1165549,CCCc1cc(=O)oc2c(C)c(OCC(=O)NCC(=O)NCC(=O)O)ccc12
CHEMBL2314781,CC(C)(C)OC(=O)N1CCN(c2cccc3c2NC(=O)[C@@H](c2ccccc2)N=C3c2ccccc2)CC1
CHEMBL4871044,C/C(=C\Cc1c(O)cc(C)c(C(=O)O)c1O)CC/C=C(\C)CC[C@H](O)C(C)(C)O
CHEMBL4206426,C=C1C[C@H]2[C@]3(C)CCC(=O)C(C)(C)[C@@H]3C(=O)[C@@H](O)[C@]2(C)[C@@H](C(=O)OC)[C@]1(C)C(=O)[C@](C)(O)C(=O)OC
CHEMBL4533100,C=C(CC/C=C(\C)CC/C=C(\C)C(=O)O)C(O)CC/C(C)=C/Cc1cc(C(=O)O)ccc1O
CHEMBL3236228,Cc1ccccc1-c1ccc2[nH]cc(C(=O)NC3CCCCC3)c(=O)c2c1
CHEMBL1933455,COc1cc(OC)cc(-c2ccc(Cc3cn(Cc4ccc(F)cc4)c(N)n3)cc2)c1
CHEMBL2443370,CC1=C(C(=O)Nc2nc(C)cs2)C(c2ccco2)C(C(=O)Nc2nc(C)cs2)=C(C)N1
CHEMBL5280671,COc1cc(O)cc(-c2cc3ccc(O)c(C/C=C(\C)CCC=C(C)C)c3o2)c1CC=C(C)C
CHEMBL222274,Cc1c(O)cc2oc3c(c(=O)c2c1O)-c1ccc(O)cc1OC3O
CHEMBL1092147,C[C@@H](NC(=O)c1cc(-c2n[nH]c([C@](C)(N)Cc3ccccc3)n2)cc(N(C)S(C)(=O)=O)c1)c1ccc(F)cc1
CHEMBL1909684,O=C(c1ccc(Cl)cc1)N(CC(O)Cn1c2ccccc2c2ccccc21)c1ccccc1
CHEMBL1952317,CSc1cccc2c(O)c(C(=O)Nc3ccc(N(CCO)CCO)cc3)cnc12
CHEMBL168938,COc1cc2c(cc1OC)C(=O)/C(=C/C1CCN(Cc3ccccc3)CC1)C2
CHEMBL1097058,CC(C)[C@@H]1CCC(=O)N(C2CCOCC2)CCc2cccc(c2)Oc2ccc3c(c2)CN1C(N)=N3
CHEMBL2380446,COc1cccc(-c2cccc(C3(C)N=C(N)CCS3)c2)c1
CHEMBL1241578,CC(C)n1nc(-c2ccc(Br)c(O)c2)c2c(N)ncnc21
CHEMBL3642639,CC1(c2cccc(NC(=O)c3nc4ccccc4s3)c2)CCSC(N)=N1
CHEMBL2408740,CC(=O)N[C@@H](Cc1cc(F)cc(F)c1)[C@H](O)CN[C@H]1CS(=O)(=O)Cc2ccc(C(C)C)cc21
CHEMBL2403775,CC1(c2cc(NC(=O)c3ccc(Cl)cn3)ccc2F)N=C(N)c2ccccc2O1
CHEMBL4078427,Fc1ccc2nc(-c3cccc(-c4cnc(-c5c[nH]c6cc(OC(F)(F)F)ccc56)[nH]4)c3)[nH]c2c1
CHEMBL296166,COC(=O)[C@@H]1CC(NC(=O)[C@H](NC(=O)C[C@H](O)[C@@H](Cc2cc(F)cc(F)c2)NC(=O)C(O)c2ccccc2-c2ccccc2)C(C)C)C[C@H](C(=O)OC)C1
CHEMBL1163020,CC(=O)N[C@@H](Cc1cc(F)cc(F)c1)[C@H](O)CNC1(c2cccc(C(C)(C)C)c2)CCc2nc(C)ncc2C1
CHEMBL4636286,CCCCNC(=O)[C@@H]1C[C@H]1[C@]12CN(c3ncccn3)C[C@H]1CSC(N)=N2
CHEMBL589369,Cc1cc2cc(n1)OCCCCOc1cccc(c1)C[C@@H]([C@H](O)CNCc1cccc(C(C)C)c1)NC2=O
CHEMBL3913436,CCOCc1ccc2c(c1)C1(N=C(SCC)N(C)C1=O)C1(CCC(OC)CC1)C2
CHEMBL3952727,Cc1cc(Cl)cnc1C(=S)Nc1ccc(F)c([C@]2(CF)C[C@@H](C(F)(F)F)OC(N)=N2)c1
CHEMBL4852444,CC#C[C@@]1(c2cc(NC(=O)c3ccc(C#N)cn3)ccc2F)CCOC(N)=N1
CHEMBL4635770,NC1=N[C@@]2(c3cc(NC(=O)c4cnc(OCF)cn4)ccc3F)CCOC[C@H]2CC1(F)F
CHEMBL4452318,C#CCOc1cnc(C(=O)Nc2cc(F)c(F)c([C@@]3(C)N=C(N)S[C@@]4(COC)C[C@H]43)c2)c(C)c1
CHEMBL4460912,NC1=N[C@](CF)(c2cc(NC(=O)c3cnc(Cl)cn3)ccc2F)[C@@H]2C[C@]2(C(F)F)S1
CHEMBL3923394,[C-]#[N+]c1cnc(C(=O)Nc2cc([C@]3(C)C[C@@H](C(F)(F)F)OC(N)=N3)c(=O)n(C)c2)c(C)c1
CHEMBL2180014,CC#Cc1cncc(-c2cc(C3(C4CC4)N=C(C)C(N)=N3)ccc2O)c1
CHEMBL3707004,CCN1CCN2CCS(=O)(=O)N(C)c3cc(C(=O)N[C@@H](Cc4ccccc4)[C@H](O)CNC4CC4)cc1c32
CHEMBL3670386,C[C@@]1(c2nc(NC(=O)c3nc4ccn(CC(F)F)c4nc3N)ccc2F)CO[C@@](C)(C(F)(F)F)C(N)=N1
CHEMBL3695732,Cc1ccc(-c2cc(F)c3c(c2)[C@]2(N=C(N)N(C)C2=O)c2cc(-c4cccc(Cl)c4)ccc2O3)cc1
CHEMBL3670330,C=C1C[C@@](C)(c2cc(NC(=O)c3cnc(OC)cn3)cnc2Cl)N=C(N)S1
CHEMBL2152919,CC#Cc1cncc(-c2ccc3c(c2)C2(N=C(C)C(N)=N2)C2(CCC(OC)CC2)O3)c1
CHEMBL3897241,NC1=N[C@@](c2cc(Nc3nccn4c(Br)cnc34)ccc2F)(C(F)F)COC1
CHEMBL3645165,CC1(c2cc(Cl)cc(NC(=O)c3ccco3)c2)CCSC(N)=N1
CHEMBL4291981,NC1=N[C@@]2(CO1)c1cc(NC(=O)c3ccc(Cl)cn3)ccc1Oc1cnc(Cl)cc12
CHEMBL4526395,COc1cnc(C(=O)Nc2ccnc([C@]34CN(c5ncc(F)cn5)C[C@H]3CSC(N)=N4)c2)cn1
CHEMBL1097345,CCNc1cc(C(=O)N[C@@H](Cc2cc(F)cc(F)c2)[C@H](O)[C@H]2CN(S(=O)(=O)c3cccc(C)c3)CCN2)cc(N2CCCCS2(=O)=O)c1
CHEMBL2403766,CN1CC[C@@](C)(c2cc(NC(=O)c3ccc(Cl)cn3)ccc2F)N=C1N
CHEMBL4780232,Oc1ccc(/C=N\C2CCN(Cc3ccccc3)C2)c(O)c1
CHEMBL4091480,Cc1ccc(NCc2cc([C@]3(C)CCSC(N)=N3)c(F)cc2F)nc1
CHEMBL3968738,C[C@@]1(c2cc(Nc3ccccc3OCC(F)(F)F)ccc2F)COCC(N)=N1
CHEMBL3982593,C[C@@]1(c2cc(NC(=O)c3ccc(C#N)cn3)ccc2F)CSCC(N)=N1
CHEMBL3980775,COc1cccnc1Nc1ccc(F)c([C@]2(C)CO[C@@](C)(C(F)(F)F)C(N)=N2)n1
CHEMBL3653339,CC1(c2cccc(NC(=O)c3ccco3)c2)COCC(N)=N1
CHEMBL1917916,CCC(C)[C@@]1(NC(C)=O)CCN([C@@H](CCc2ccccc2)C(=O)N[C@@H](Cc2cc(F)cc(F)c2)[C@H](O)[C@H]2C[C@@H](S(=O)(=O)c3ccccc3)CN2)C1=O
CHEMBL4757415,O=[N+]([O-])c1ccc(/C=N\C2CCN(Cc3ccccc3)C2)cc1
CHEMBL4204215,C[C@H]1C[C@H]2CSC(N)=N[C@@]2(c2cccs2)CO1
CHEMBL1097354,COC[C@H]1CCCN1C(=O)c1cc(C)cc(C(=O)N[C@@H](Cc2cc(F)cc(F)c2)[C@H](O)[C@H]2CN(S(=O)(=O)C3CC3)CCN2)c1
CHEMBL3357668,C[C@]12CCCO[C@@H]1[C@]1(CSC(N)=N1)c1cc(-c3cc(F)cc(Cl)c3)ccc1O2
CHEMBL3967607,Cc1cccnc1Nc1ccc2c(c1)[C@@]1(CCOC(N)=N1)c1cc(Cl)nc(F)c1O2
CHEMBL2047909,CC(C)(C)c1cccc(CN[C@H]2CS(=O)(=O)C[C@@H](Cc3cc(F)c(N)c(-c4ccco4)c3)[C@@H]2O)c1
CHEMBL3673207,COC1CCC2(CC1)Cc1ccc(-c3cc(F)cc(Cl)c3)cc1C21N=C(N)N2CCON=C21
CHEMBL3693247,CC#Cc1cncc(-c2cc(C3(CF)N=C(N)OC4CC43)c(F)cc2CO)c1
CHEMBL3924137,NC1=N[C@](CF)(c2cc(-c3cncc(-c4nnco4)c3)ccc2F)C[C@@H](C(F)(F)F)O1
CHEMBL500034,CC1(C)O[C@@H]1COc1c2occc2cc2ccc(=O)oc12
CHEMBL3642606,CC1(c2cccc(/C=C/C(=O)Nc3ccc(Cl)cn3)c2)CCSC(N)=N1
CHEMBL3907751,Cc1cccc(C2CC(c3ccccc3)CCN2C(=O)[C@@H]2CNC[C@]23CCCc2nc(Cl)ccc23)c1
CHEMBL2151140,CN1C(=N)N[C@](C)(c2csc(-c3cccc(C#N)c3)c2)CC1=O
CHEMBL3943795,C[C@@]1(c2cc(Nc3ncnc4cc(C(F)(F)F)cnc34)ccc2F)CO[C@@](C)(C(F)(F)F)C(N)=N1
CHEMBL3955763,CN1C(=O)C2(NC1N)c1cc(OCC3CC3)ccc1OC21CCc2ccccc2CC1
CHEMBL5279449,Cn1c(N)nc(Cc2ccc3ccccc3c2)cc1=O
CHEMBL3905256,C[C@@]1(c2cc(Nc3nc4cc(Cl)ccc4o3)ccc2F)C[C@@H](C(F)(F)F)OC(N)=N1
CHEMBL3642621,CCOC(=O)/C(F)=C/c1cccc(C2(C)CCSC(N)=N2)c1
CHEMBL494015,COc1ccc(C(Cc2cc([N+](=O)[O-])ccc2OC)c2c[nH]c(N)n2)cc1
CHEMBL3955419,CC1(c2cccc(C=CC(=O)Nc3ccc(Cl)cc3)c2)CCSC(=N)N1
CHEMBL252191,N=C(N)NC(=O)Cn1c(-c2ccccc2)ccc1-c1ccc(NC(=O)c2ccc(Br)cc2)cc1
CHEMBL3693249,CC#Cc1cnn(-c2ccc(F)c([C@@]3(C(F)F)N=C(N)O[C@@H]4C[C@@H]43)c2)c1
CHEMBL3677208,O=C(/C=C/c1ccc(O)cc1)CC(=O)/C=C/c1ccc2ccn(Cc3ccccc3)c2c1
CHEMBL5274016,COc1ccccc1NCC1CCN(Cc2ccccc2)CC1
CHEMBL2333941,C[C@@]1(c2cc(-c3cncnc3)c(F)cc2F)CCSC(N)=N1
CHEMBL5187186,C[C@@]1(c2cc(-c3ccc(Cl)cn3)ccc2F)C[C@@H]2C[C@@H]2C(N)=N1
CHEMBL448592,CCn1ncc2c(N3CCCC3=O)cc(C(=O)N[C@@H](Cc3ccccc3)[C@H](O)CNCc3cccc(C(F)(F)F)c3)cc21
CHEMBL3653354,Cc1ccn(-c2cnc(C(=O)Nc3cccc(C4(C)COCC(N)=N4)c3)cn2)n1
CHEMBL3642608,CC1(c2cccc(/C=C/c3ccc(Cl)cn3)c2)CCSC(N)=N1
CHEMBL2349489,CC1(C)Cc2ccc(-c3cncc(Cl)c3)cc2C2(CCSC(N)=N2)C1
CHEMBL3693242,NC1=N[C@@](c2cc(-c3nc4ccc(Cl)cc4o3)ccc2F)(C(F)F)[C@H]2C[C@H]2O1
CHEMBL220826,Nc1ncccc1NCc1cc(-c2ccc3cc[nH]c3c2)ccc1OCc1ccccc1
CHEMBL500555,CCn1cnc2c(N3CCCC3=O)cc(C(=O)N[C@@H](Cc3ccccc3)[C@H](O)CNCc3cccc(C(F)(F)F)c3)cc21
CHEMBL1221924,c1cnc2ncc(-c3ccncc3)n2c1
CHEMBL1164333,CC(C)C(NC(=O)CNC(=O)CNC(=O)OCc1ccccc1)C(=O)O
CHEMBL2346793,Cc1nnc(C(Cc2ccccc2)NC2=NC(C)(C)Cc3cc(Cl)ccc32)o1
CHEMBL5272851,Nc1nc2c(nc(Cc3ccccc3[N+](=O)[O-])n2-c2ccccc2)c(=O)[nH]1
CHEMBL4170012,Oc1ccc(/C=N/CCn2ccc3cccnc32)c(O)c1
CHEMBL1163704,Clc1ccc(/C=N/Nc2nc(Nc3ccccc3)nc(Nc3ccccc3)n2)cc1Cl
CHEMBL1165280,CCc1ccc(N2C(=O)Nc3ccc(Br)cc3C2(O)C(=O)NCC(C)CN2CCC(C)CC2)cc1
CHEMBL1165815,CN(C)CCNC(=O)c1c[nH]c2ccc(S(=O)(=O)N3CCc4ccccc4C3)cc2c1=O
CHEMBL2159662,CC(=O)c1ccccc1NC(=O)c1ccc(OCCCCC[n+]2cccc3ccccc32)cc1.[Br-]
CHEMBL4516189,O=C(CN1CCC(C(c2ccccc2)c2ccccc2)CC1)NC1CCN(Cc2ccccc2)C1
CHEMBL4546115,COc1ccc2c(c1)[C@@H](O)[C@@]1(CCN(C(=O)CCc3cc4ccccc4nc3N)C1)C2
CHEMBL3703244,NC1=NC2(c3cc(Br)ccc3OCC23CC3)c2cccc(F)c21
CHEMBL2380459,COc1ccc(C2(c3cccc(-c4cccnc4)c3)CC(OC)C(N)=N2)cc1
CHEMBL2322537,CC(C)C(C(=O)NCc1ccc(CN)cc1)c1ccc(-c2ccccc2)cc1
CHEMBL5189604,Cn1c(N/N=C/c2ccc(O)cc2O)nc2ccccc2c1=O
CHEMBL1163547,C=CN(C=C)C(=O)c1cc(OCC(=O)NCCCCCN)cc(C(=O)N[C@H](C)c2ccccc2)c1
CHEMBL3752684,NC1=NC(c2ccc(F)cc2)NC(=O)N1
CHEMBL2380453,C[C@]1(c2cccc(-c3cncc(F)c3)c2)N=C(N)[C@H]2CCCCN21
CHEMBL471187,Oc1cc(O)cc(Oc2c(O)cc(O)c3c2Oc2c(O)cc(O)cc2O3)c1
CHEMBL4576721,C/C(=C\CC/C(C)=C/CCC1(C)C=Cc2cc(C(=O)O)ccc2O1)CC/C=C(\C)C(=O)O
CHEMBL4847749,COC(=O)c1c(C)cc(O)c(C/C=C(\C)CCCC2=C/C(=C\C(C)(C)O)OC2=O)c1O
CHEMBL2059626,Oc1ccc(SCC(O)COc2ccc(Cc3ccccc3)cc2)cc1
CHEMBL2380443,COc1cccc(-c2cccc(C3(C)N=C(N)CCO3)c2)c1
CHEMBL1257893,CC(=O)N[C@@H](Cc1cc(F)cc(F)c1)[C@H](O)CNC1(c2nc(CC(C)(C)C)cs2)CC1
CHEMBL4108851,NC1=N[C@]2(COCC1)c1cc(Br)ccc1Oc1cnc(Cl)cc12
CHEMBL2059104,OC(Cn1c2ccccc2c2ccccc21)C(O)Cn1c2ccccc2c2ccccc21
CHEMBL1278188,O=S(=O)(c1ccccc1)N(CCc1ccccc1)C[C@@H](O)CN1CCN(C(c2ccccc2)c2ccccc2)CC1
CHEMBL1645526,CC(C)C[C@H](NC(=O)[C@@H](NC(=O)[C@@H](N)CNC(=O)c1nn[nH]n1)C(C)C)C(=O)NCC(O)C(=O)O
CHEMBL3984830,Cn1nc(Nc2cccc(C3(C)COCC(N)=N3)c2)c2ccc(Br)cc21
CHEMBL1080086,O=C(CN1C(=O)/C(=N\NC(=O)c2cc([N+](=O)[O-])ccc2O)c2ccccc21)NC1CCCCC1
CHEMBL1258686,CC(=O)N[C@@H](Cc1cc(F)cc(F)c1)[C@H](O)CNC1(c2cc(C(C)(C)C)no2)CCCCC1
CHEMBL2380447,COc1cccc(-c2cccc(C3(C)COCC(N)=N3)c2)c1
CHEMBL2380456,COc1cccc(-c2cccc(C3(c4ccncc4)N=C(N)CS3)c2)c1
CHEMBL3677213,N[C@H](Cc1ccccc1)C(=O)Nc1ccc(/C=C/C(=O)CC(=O)/C=C/c2ccc(O)cc2)cc1
CHEMBL4169090,COC(=O)c1cc(C)c2c(n1)sc1ccc(OC)cc12
CHEMBL206665,CC(C)(C)OC(=O)N1CCN(c2ccc(Br)cc2NC(=O)c2cc(=O)c3ccccc3o2)CC1
CHEMBL1270883,CCOC(=O)CSc1nc2ccc(Nc3nc(N4CCCC4)nc(N4CCCC4)n3)cc2s1
CHEMBL205241,COc1ccc2c(CC(=O)Nc3cc(Br)ccc3N3CCNCC3)cc(=O)oc2c1.O=C(O)C(F)(F)F
CHEMBL3677221,O=C(/C=C/c1ccc(O)cc1)CC(=O)/C=C/c1ccccc1C(F)(F)F
CHEMBL3670316,NC1=NC(c2cccc(F)c2)(c2cccc(NC(=O)c3ncc(Cl)cc3Cl)c2)CS1
CHEMBL200617,CC(C)[C@H](NC(=O)[C@H](C)C[C@H](O)[C@@H]1CCCCCN(C(=O)[C@@H](NC(=O)OC(C)(C)C)C(C)C)[C@@H](C)C(=O)N1)C(=O)NCc1ccncc1
CHEMBL5276750,CC#Cc1cncc(-c2ccc3c(c2)[C@@]2(CO3)N=C(N)C[C@H]2C(F)(F)F)c1
CHEMBL190644,CCOCCCNC(=O)c1cc(NC(=O)Nc2cccc(Cl)c2)ccc1N(C)C
CHEMBL219601,C[C@@H](NC(=O)c1cc(-c2nnc([C@](C)(N)Cc3ccccc3)o2)cc(N(C)S(C)(=O)=O)c1)c1ccc(F)cc1
CHEMBL4107763,CN(C)/N=C(/C[C@](CF)(N[S@+]([O-])C(C)(C)C)c1cccc(F)c1F)C(F)(F)F
CHEMBL5219239,CC1CCCCN1CCCNC(=O)c1cc(NC(=O)OC(C)(C)C)ccc1O
CHEMBL4459963,COc1ncc(C(=O)NC2CC2)c2c1C[C@]1(c3ccc(F)cc3F)N=C(N)SC[C@@H]1C2
CHEMBL3688783,COc1cnc2c(Nc3ccc(Cl)c([C@@]4(CF)N=C(N)O[C@@H]5C[C@@H]54)c3)nccc2n1
CHEMBL4280656,CC#Cc1cncc(-c2ccc3c(c2)[C@@]2(COC(N)=N2)c2cc(Cl)ncc2O3)c1
CHEMBL3688811,NC1=N[C@@](c2cc(Nc3coc4cc(Cl)ccc34)ccc2F)(C(F)F)[C@H]2C[C@H]2O1
CHEMBL4214603,C[C@H]1C[C@H]2CSC(N)=N[C@@]2(c2ncccc2F)CO1
CHEMBL3653709,CC1=NC2(CCCc3ccc(Br)cc32)N=C1N
CHEMBL3670381,N#Cc1cnc(C(=O)Nc2ccc(F)c([C@]3(C(F)F)COCC(N)=N3)n2)c(Cl)c1
CHEMBL210414,CC(C)CNC(=O)[C@H](C)NC[C@H](Cc1ccccc1)NC(=O)c1cc(CCC2C[C@@H]2C)cc(N(C)S(C)(=O)=O)c1
CHEMBL3354695,CC1(C)CN(c2ccc3c(c2)[C@]2(COC(N)=N2)c2cc(-c4cncnc4)ccc2O3)CCO1
CHEMBL2048063,CC(C)(C)Cc1cc(CN[C@H]2CS(=O)(=O)C[C@@H](Cc3cc(F)c(N)c(OC(C(F)(F)F)C(F)(F)F)c3)[C@@H]2O)no1
CHEMBL2048062,CC(C)(C)Cn1cc(CN[C@H]2CS(=O)(=O)C[C@@H](Cc3cc(F)c(N)c(OC(C(F)(F)F)C(F)(F)F)c3)[C@@H]2O)cn1
CHEMBL3945386,Cc1nc(C(=O)Nc2ccc3c(c2)C2(CCOC(N)=N2)c2cc(-c4cncc(F)c4)nc(F)c2O3)cs1
CHEMBL3394228,Cc1cc(-c2cc3c(c(F)n2)Oc2ccc(-c4cccnc4F)cc2[C@@]32COC(N)=N2)on1
CHEMBL3670300,NC1=NC(c2cccc(NC(=O)c3ccc(O)cn3)c2)(C2CCCCC2)CS1
CHEMBL409949,CCCCS(=O)(=O)C[C@@H](NC(=O)OCc1cccnc1)C(=O)N[C@@H](Cc1cc(F)cc(F)c1)[C@H](O)CNCc1cccc(CC)c1
CHEMBL3650192,CCOc1cc([C@H]2C[C@H]3CSC(N)=N[C@@]3(c3ccc(F)cc3F)CO2)nn1C
CHEMBL254485,CCNc1cc(C(=O)N[C@@H](Cc2ccccc2)[C@H](O)CNCc2cnn(CC)c2)c(F)c(N2CCCCS2(=O)=O)c1
CHEMBL3927416,C[C@@H]1Oc2ccc(Br)cc2[C@]2(COC(=N)N2)C12COC2
CHEMBL3670358,Cc1cc(C(N)=S)cnc1C(=O)Nc1cc(C2(CF)COCC(N)=N2)ccn1
CHEMBL3653350,CC1(c2cccc(NC(=O)c3ccc(O)nn3)c2)COCC(N)=N1
CHEMBL1210342,C[C@H](NC[C@@H](O)[C@H](Cc1ccccc1)NC(=O)c1cccc(N(c2ccccc2C#N)S(C)(=O)=O)c1)C(=O)NC1CCCCC1
CHEMBL2011985,CN1C(=N)NC(C)(c2cccc(-c3cccc(Cl)c3)c2)C1=O
CHEMBL4175758,C[C@@]1(c2cc(N/C=C/c3ccc(C#N)cn3)ccc2F)COCC(N)=N1
CHEMBL567653,NC1=NC(c2ccccc2)(c2cccc(Cc3ccc(F)cc3)c2)C2=NCCCN12
CHEMBL3910708,CO[C@H]1CC[C@]2(CC1)Cc1ccc(Br)cc1C21NC(=O)N(C(C)c2cccnn2)C1=O
CHEMBL567026,CC(=O)N[C@@H](Cc1cc(F)cc(F)c1)[C@H](O)CN[C@@]1(c2cccc(C(C)(C)C)c2)CC[C@H](S(C)(=O)=O)NC1
CHEMBL3967875,COc1ccc(C2(c3ccc(OC)cc3)NC(=N)N(Cc3ccccc3C#N)C2=O)cc1
CHEMBL1209165,CC(=O)N[C@@H](Cc1cc(F)cc(F)c1)[C@H](O)CNC1(c2cccc(N3CCOC3=O)c2)CCCCC1
CHEMBL2408738,CC(=O)N[C@@H](Cc1cc(F)cc(F)c1)[C@H](O)CN[C@H]1COCc2ccc(CC(C)(C)C)cc21
CHEMBL1257533,CC(=O)N[C@@H](Cc1cc(F)cc(F)c1)[C@H](O)CNC1(c2cc(CC(C)(C)C)c[n+]([O-])c2)CC1
CHEMBL3925020,C[C@@]1(c2nc(Nc3ncc(F)c4cc(C#N)cnc34)ccc2F)C[C@@H](C(F)(F)F)OC(N)=N1
CHEMBL571433,CC(=O)N[C@@H](Cc1cc(F)cc(F)c1)[C@H](O)CN[C@@]1(c2cccc(C(C)(C)C)c2)CC[C@H](Nc2ccccn2)NC1
CHEMBL1221922,Nc1nc2cc(Cl)ccc2n1CCCO
CHEMBL2152907,CN1C(=O)CC2(N=C1N)c1cc(-c3cc(F)cc(Cl)c3)ccc1OC1CC3(CC[C@@H]12)OCCO3
CHEMBL3940250,COC1CCC2(CC1)Cc1ccc(Br)cc1C21NC(=S)N(N(C)C)C1=O
CHEMBL1163426,CCCC1C(C(=O)N[C@@H](Cc2ccccc2)[C@H](O)CNc2cccc(OC)c2)=CN(CC(=O)OC(C)C)C=C1C(=O)OC(C)(C)C
CHEMBL3653349,Cc1nc(C(=O)Nc2cccc(C3(C)COCC(N)=N3)c2)cs1
CHEMBL1644466,COc1ccc(C2NC(=O)c3cc(cc(N(C)S(C)(=O)=O)c3)C(=O)N[C@H]([C@@H](O)C[C@H](C(=O)NCC(C)C)C(C)C)COCc3cccc2c3)cc1
CHEMBL4744470,Fc1ccc(/C=N\C2CCN(Cc3ccccc3)C2)c(F)c1
CHEMBL3955051,CC1(C)C(N)=N[C@](C)(c2cc(NC(=O)c3cnc(C(F)F)cn3)ccc2F)CS1(=O)=O
CHEMBL2349463,CN1C(=O)CC2(CC(C)(C)Cc3ccc(-c4cncc(Cl)c4)cc32)N=C1N
CHEMBL1923296,Cc1cnc(C(=O)Nc2cccc(C3(C)N=C(N)CN(C)C3=O)c2)cn1
CHEMBL4444849,COc1cccc(/C=N/C2CCN(Cc3ccccc3)CC2)c1OC
CHEMBL3653475,Cn1cc([N+](=O)[O-])c(C(=O)Nc2ccc(F)c([C@]3(C(F)F)COCC(N)=N3)c2)n1
CHEMBL254891,N=C(N)NC(=O)Cn1c(-c2ccc(Oc3ccccc3)cc2)ccc1-c1csc2ccccc12
CHEMBL1257418,CC(=O)N[C@@H](Cc1cc(F)cc(F)c1)[C@H](O)CNC1(c2cc(C(C)(C)C)ccn2)CC1
CHEMBL3670919,CC1(C)OCC(N)=N[C@](C)(c2cc(NC3COc4cc(Cl)ccc43)ccc2F)C1(F)F
CHEMBL3926622,NC1=N[C@](CF)(c2cc(Nc3ncnc4sc(C(F)F)nc34)ccc2F)C[C@@H](C(F)(F)F)O1
CHEMBL4535864,COc1nc(N2C[C@H]3CSC(N)=N[C@@]3(c3ccns3)C2)nc(C)c1F
CHEMBL1923297,CN1CC(C)(c2cc(NC(=O)c3ccc(Cl)cn3)ccc2F)N=C(N)C1=O
CHEMBL3640242,C[C@@]1(c2cc(NC(=O)c3coc(C(F)(F)F)n3)ccc2F)CCSC(N)=N1
CHEMBL307341,CC(C)=CCC/C(C)=C/COc1ccc2ccc(=O)oc2c1
CHEMBL399862,CCNc1cc(C(=O)N[C@@H](Cn2cccn2)[C@H](O)CNCc2cccc(OC)c2)cc(N2CCCCS2(=O)=O)c1
CHEMBL3642618,CC1(c2cc(Br)cc(NC(=O)c3ccno3)c2)CCSC(N)=N1
CHEMBL394225,CC1CCc2cccc(c2)C[C@@](C)(N)C(=O)OCc2cc(cc(N(C)S(C)(=O)=O)c2)CC1
CHEMBL1210351,CS(=O)(=O)N(c1cccc(C(=O)N[C@@H](Cc2ccccc2)[C@H](O)CNCc2cccc(C(F)(F)F)c2)c1)c1ccccn1
CHEMBL3642604,Cc1cc(C(=O)Nc2cc(Br)cc(C3(C)CCSC(N)=N3)c2)c(C)o1
CHEMBL3670319,Cn1ccnc1COc1cnc(C(=O)Nc2ccc(F)c([C@]3(C)C=CSC(N)=N3)c2)cn1
CHEMBL4752715,Fc1ccc(CNC2CCN(Cc3ccccc3)C2)c(F)c1
CHEMBL3634338,COc1cnc(C(=O)Nc2ccnc([C@@]3(C)N=C(N)CO[C@@H]3F)c2)cn1
CHEMBL3653366,Cc1cc(Br)cnc1C(=O)Nc1cccc([C@]2(C)COCC(=N)N2)c1
CHEMBL3806050,Cc1noc(C)c1[C@@H]1C[C@@H](c2cc(NC(=O)c3ccc(Cl)cn3)ccc2F)N=C(N)S1
CHEMBL2177917,COc1c(C)cc(C2(c3cccc(-c4cncnc4)c3)N=C(N)c3c(F)cccc32)nc1C
CHEMBL5278850,CN1C(=O)C[C@@](C)(Cc2ccccc2)N=C1N
CHEMBL3672441,O=C(/C=C/c1ccc(O)cc1)CC(=O)/C=C/c1cc(Cl)cc(Cl)c1O
CHEMBL2158259,CC(=O)N[C@@H](Cc1ccccc1)[C@H](O)CN[C@H]1CC(C)(C)Cn2nc(CC(C)(C)C)cc21
CHEMBL3677240,O=C(/C=C/c1ccc(O)cc1)CC(=O)/C=C/c1cc(OCc2ccccc2)ccc1Br
CHEMBL3670308,C[C@@]1(c2cc(NC(=O)c3cnc(-c4ncco4)cn3)ccc2F)C=CSC(N)=N1
CHEMBL1615184,CCCN1C(=O)OC[C@@H]1Cc1cc(C[C@@H]2CS(=O)(=O)C[C@H](NCc3cccc(C(C)C)c3)[C@H]2O)ccc1O
CHEMBL1821828,COc1cccnc1-c1ccc2nc(N)c(CC(C)C(=O)NCCC(C)(C)C)cc2c1
CHEMBL3985430,C[C@@]1(c2cc(NCc3nn(C(F)F)cc3Cl)ccc2F)COCC(N)=N1
CHEMBL2152913,NC1=N[C@@]2(CCOC1)c1cc(-c3cccnc3F)ccc1Oc1cnc(C3CCC(F)(F)C3)cc12
CHEMBL3703245,NC1=NC2(CS1)c1cc(Br)ccc1OCC21COC1
CHEMBL3693237,NC1=N[C@@](c2cc(NS(=O)(=O)c3ccc(Cl)cn3)ccc2F)(C(F)F)[C@H]2C[C@H]2O1
CHEMBL3677222,O=C(/C=C/c1ccc(O)cc1)CC(=O)/C=C/c1cc(F)cc(F)c1
CHEMBL2380811,CC1(C)Cc2cc(Cl)ccc2C(NC(Cc2cscc2-c2ncco2)C(=O)O)=N1
CHEMBL2158260,CC(=O)N[C@@H](Cc1ccccc1)C(=O)CN[C@H]1CC(C)(C)Cc2nn(CC(C)C)cc21
CHEMBL3427249,CC#Cc1cncc(-c2csc([C@@H]3C[C@@H](c4c(C)noc4C)SC(N)=N3)c2)c1
CHEMBL1097331,CCCN(CCC)C(=O)c1cc(C)cc(C(=O)N[C@@H](Cc2cc(F)cc(F)c2)[C@H](O)[C@H]2CN(S(=O)(=O)c3cnc(C)n3C)CCN2)c1
CHEMBL4473955,CC(F)(F)[C@H]1OC[C@]2(c3cc(NC(=O)c4cnc(-n5cncn5)cn4)ccc3F)N=C(N)SC[C@H]12
CHEMBL2058872,NCCNC(CSc1ccc2ccccc2c1)Cn1c2ccccc2c2ccccc21
CHEMBL2181984,O=C(OC1CCS(=O)(=O)c2ccc(Br)cc21)[C@H]1C[C@]2(CN1)C(=O)Nc1ccccc12
CHEMBL3677218,COc1ccc(/C=C/C(=O)CC(=O)/C=C/c2c[nH]c3cccc([N+](=O)[O-])c23)cc1O
CHEMBL3746656,CC(C)c1ccc(CO[C@H]2CN(C(=O)OC(C)(C)C)C[C@@H]2Nc2nc3cc(F)ccc3[nH]2)cc1
CHEMBL4442580,O=[N+]([O-])c1ccc(CNC2CCN(Cc3ccccc3)CC2)cc1
CHEMBL4444341,C[C@@]1(c2ccc(F)cc2F)C[C@@H](c2cncnc2)SC(N)=N1
CHEMBL3680878,C[C@]1(c2cc(NC(=O)c3cnc(Cl)s3)ccc2F)N=C(N)OC[C@@H]1F
CHEMBL2407488,CCc1ccc2c(c1)[C@@H](NC[C@@H](O)[C@@H]1Cc3cccc(c3)CCCCn3cc(ccc3=O)C(=O)N1)CC1(CCC1)O2
CHEMBL3937998,CCOc1cccnc1Nc1ccc2c(c1)C1(CCSC(N)=N1)c1cc(OC)cc(F)c1O2
CHEMBL3640236,CC1(C)C[C@@](C)(c2cc(NC(=O)c3ncccc3F)ccn2)N=C(N)S1
CHEMBL5184228,C[C@@]1(c2cc(-c3cc4c(cn3)OC(F)(F)O4)ccc2F)CC[C@@](C)(S(=O)(=O)C(F)(F)F)C(N)=N1
CHEMBL4578357,Cc1cc(C#N)cnc1C(=O)Nc1ccc(F)c([C@@]2(C)N=C(N)C(C)(C)[S@@]3(=O)=NCC[C@@H]23)n1
CHEMBL1934284,O=C([C@@H]1CNC[C@H]1c1ccccc1)N1CCOC[C@H]1Cc1ccccc1
CHEMBL5279912,Nc1nc(Cc2ccc3cc[nH]c3c2)cc(=O)[nH]1
CHEMBL213595,CCCCNC(=O)[C@H](C)C[C@H](O)[C@@H]1COC/C=C/COC[C@H](NC(=O)OC(C)(C)C)C(=O)N[C@@H](C)C(=O)N1
CHEMBL1762683,Oc1cc(-c2ccccc2)c(O)cc1-c1ccccc1
CHEMBL4464129,NC1=N[C@@]2(COc3ccc(NC(=O)c4cnc(OCC(F)(F)F)cn4)cc32)[C@H](C(F)(F)F)C1
CHEMBL3640232,Cc1cc(SCC(=O)Nc2ccc(F)c([C@]3(C)CCSC(N)=N3)c2)nc(N)n1
CHEMBL437961,COc1cccc(CNC[C@@H](O)[C@H](Cc2ccccc2)NC(=O)CCS(=O)(=O)c2ccccc2)c1
CHEMBL3659647,COc1ccc(C(Cc2ccc(C(F)(F)F)cc2)c2[nH]c(N)nc2C(O)c2ccccc2)cc1
CHEMBL4288906,CN(C)Cc1ccccc1-c1ccc(NCCCN2CCCCC2)cc1
CHEMBL3677209,CS(=O)(=O)n1ccc2ccc(/C=C/C(=O)CC(=O)/C=C/c3ccc(O)cc3)cc21
CHEMBL82270,CC(C)[C@H](F)C(=O)N[C@@H](C)C(=O)N[C@@H](Cc1ccccc1)[C@@H](O)C[C@@H](C)C(=O)N[C@H](C(=O)NCc1ccncc1)C(C)C
CHEMBL466025,COc1ccc(C(Cc2cc([N+](=O)[O-])ccc2OC)c2csc(N)n2)cc1
CHEMBL3806161,COc1ccc([C@@H]2C[C@@H](c3cccc(-c4cncnc4)c3)N=C(N)S2)cc1OC
CHEMBL2151135,CN1C(=N)N[C@](C)(c2cccc(-c3cccnc3)c2)CC1=O
CHEMBL3670321,C[C@@]1(c2cc(NC(=O)c3cc4n(n3)CCN4)ccc2F)C=CSC(N)=N1
CHEMBL2180475,O=C(/C=C/c1cccc(O)c1O)c1ccc(O)cc1O
CHEMBL3645149,Cc1nc(C)c(C(=O)Nc2ccc(F)c([C@]3(C)CCSC(N)=N3)c2)s1
CHEMBL3261077,C[C@@]1(c2cc(NC(=O)c3ccc(C#N)cn3)ccc2F)Cc2cccn2C(N)=N1
CHEMBL3942635,O=C(NC1=N[C@](CF)(c2nc(Br)ccc2F)C[C@@H](C(F)(F)F)O1)c1ccccc1
CHEMBL564010,CC(C)c1cccc(CNC[C@@H](O)[C@@H]2C[C@H](C)CCCCCCCCC(=O)N(C)[C@@H](C)C(=O)N2)c1
CHEMBL3960028,CC1OB(c2ccc(F)c([C@]3(CF)C[C@@H](C(F)(F)F)OC(NC(=O)c4ccccc4)=N3)c2)OC1(C)C
CHEMBL4440268,C[C@@]1(c2cc(NC(=O)c3nc4ccc(C#N)nc4s3)ccc2F)CO[C@@](C)(C(F)(F)F)C(N)=N1
CHEMBL3672916,CN1C(=N)N[C@](C)(c2cc(NC(=O)c3ccc(Cl)cn3)ccc2F)CS1(=O)=O
CHEMBL5291052,O=C(/C=C/c1ccc(F)cc1)c1cc(I)c(Br)cc1O
CHEMBL4470897,C#CCOc1cnc(/C(F)=C/c2ccc(F)c([C@]3(C)CS(=O)(=O)C(C)(C)C(N)=N3)c2)cn1
CHEMBL4525240,C[C@@]1(c2cc(NC(=O)c3ccc(C#N)cc3)ccc2F)Cn2cnc(C(F)F)c2C(N)=N1
CHEMBL3261080,CC1=CSC(N)=NN1
CHEMBL3586134,NC1=NC2CCCCC2CS1
CHEMBL235825,CCCc1cc(=O)[nH]c(N)n1
CHEMBL1164618,Cc1cc(C)nc(NS(=O)(=O)c2ccc(Nc3nc(-c4ccc(C(C)C)cc4)cs3)cc2)n1
CHEMBL1221921,COn1c(-c2ccccc2)nc2ncccc21
CHEMBL3261081,NC1=Nc2ccccc2CS1
CHEMBL1221925,O=C1c2ccccc2C(=O)C1(O)O
CHEMBL269158,Nc1nc2ccc(Cl)cc2[nH]1
CHEMBL1164329,Cc1ccc(NC(=O)c2cc(NC(=O)CCCC(=O)O)ccc2N2CCOCC2)cc1
CHEMBL1164432,O=C(O)CCCNC(=O)CCCCC(=O)C(c1ccccc1)c1ccccc1
CHEMBL1164434,COc1cccc(C(=O)OCC(=O)NCc2ccc(Cl)cc2Cl)c1O
CHEMBL1163708,COc1cc(/C=N\NC(=O)c2ccccc2OCCOc2ccccc2)cc(Br)c1O
CHEMBL1163712,O=C(O)CC(NNc1nc(NCCO)nc(N2CCOCC2)n1)c1ccccc1
CHEMBL1164242,Cc1oc(-c2ccccc2)cc1C(=O)NCC(=O)NC(C(=O)O)C(C)C
CHEMBL1164946,CC(NC(=O)NCCNC(=O)NC(C)C(=O)O)C(=O)O
CHEMBL3103055,O=C(/C=C(O)/C=C/c1c[nH]c2ccccc12)/C=C/c1ccc(O)c(O)c1
CHEMBL502689,CC(C)=CCc1cc2ccc(=O)oc2cc1O
CHEMBL569654,CN(Cc1cccc(CCc2cccnc2N)c1)Cc1ccco1
CHEMBL568966,CCCCOc1ccc(CSC(=N)N)cc1Cl
CHEMBL2397757,C=C[C@H](c1ccccc1O)c1cc(O)c(OC)cc1OC
CHEMBL53668,COC(=O)[C@@H]1CC(NC(=O)[C@@H](NC(=O)C[C@H](O)[C@H](CC(C)C)NC(=O)C(O)c2cccc3ccccc23)C(C)C)C[C@H](C(=O)OC)C1
CHEMBL2315715,CN1CC(=O)OB(/C=C/c2ccccc2)OC(=O)C1
CHEMBL1782311,N#Cc1c(-c2ccc(F)cc2)cc(-c2ccccc2)nc1SCC(=O)NC12CC3CC(CC(C3)C1)C2
CHEMBL1163828,C[C@@]12CCCc3coc(c31)C(=O)c1cc3ccccc3cc12
CHEMBL209055,COc1cc(/C=N/Nc2nc(Nc3ccc(F)cc3)nc(N3CCCCC3)n2)ccc1OCC(=O)O
CHEMBL1164743,O=C(Nc1ccccc1C(=O)NCC(O)CNC(=O)c1ccccc1NC(=O)c1ccccc1)c1ccccc1
CHEMBL1164363,O=C(NCc1ccccc1)c1c[nH]c2ccc(S(=O)(=O)NC3CCCCNC3=O)cc2c1=O
CHEMBL1164435,CCOc1cc(/C=N\NC(=O)COc2ccc(C)cc2)cc(I)c1O
CHEMBL1163660,FC(F)(Cl)Oc1ccc(Nc2nc(NCc3ccccc3)nc(N3CCCCC3)n2)cc1
CHEMBL1163707,COc1nc(NCCN2CCOCC2)nc(Nc2ccc(I)cc2)n1
CHEMBL1165731,O=C1CSC(c2ccc(Cl)cc2)N1Nc1nc(Nc2ccccc2)nc(N2CCCCC2)n1
CHEMBL1163699,Clc1nc(NCCN2CCOCC2)nc(NCc2ccc(I)cc2)n1
CHEMBL1163234,CC(C)(C)OC(=O)NC(CC(=O)OCc1ccccc1)C(=O)NC(COCc1ccccc1)C(=O)NCC(=O)OCc1ccccc1
CHEMBL1165197,O=C(NCCc1ccc(Cl)cc1)C1CCC(CNc2nc(=S)[nH]c3ccccc23)CC1
CHEMBL1165814,CCCCc1ccc(Nc2nc3ccccc3nc2NS(=O)(=O)c2ccc(Cl)cc2)cc1
CHEMBL1165202,COc1cc2[nH]c(=O)n(Cc3ccc(C(=O)NCc4ccc(C)cc4)cc3)c(=O)c2cc1OC
CHEMBL1165812,NNC(=O)CN1C(CN2CCOCC2)=Nc2ccc(Br)cc2C1c1ccccc1
CHEMBL1165196,COc1ccc(-n2nc(C(=O)NCC(=O)Nc3cccc(C)n3)c3ccccc3c2=O)cc1Cl
CHEMBL1163953,CC(=O)Nc1cc(C(=O)NCc2cc(F)cc(Cl)c2)ccc1Sc1ccc(Cl)cc1
CHEMBL517746,C=CCn1c(SCC(=O)Nc2ccc(S(N)(=O)=O)cc2)nc2sc3c(c2c1=O)CCCC3
CHEMBL1165270,NS(=O)(=O)c1ccc(CCNC(=O)CCc2nc3sc4c(c3c(=O)[nH]2)CCCC4)cc1
CHEMBL1164096,O=C(CN1CCN(Cc2ccccc2)CC1)N/N=C\c1cc(I)cc(I)c1O
CHEMBL1165364,CCSc1sc(CC)cc1C1C(C(=O)Nc2ccc(C)cn2)=C(C)NC2=C1C(=O)CC(C)(C)C2
CHEMBL1782315,O=C(CSc1nnc(Cc2c[nH]c3ccccc23)n1Cc1ccccc1)c1c[nH]c2ccccc12
CHEMBL1164362,O=C(CC1Sc2ccccc2NC1=O)Nc1ccccc1SC(F)(F)C(F)(F)C(F)(F)F
CHEMBL1164972,COc1ccc(OC)c(/N=c2\oc3c(C)ncc(CO)c3cc2C(=O)Nc2ccc(Cl)cc2)c1
CHEMBL1165526,CCCCCCc1nc2ccccc2c(=O)n1NC(O)c1c(O)c2cccc3c2n(c1=O)CCC3
CHEMBL1164238,O=C(Nc1ccc(Cl)c(C(F)(F)F)c1)C(NS(=O)(=O)c1cccs1)c1ccccc1
CHEMBL1163651,CSc1ccc(C(O)C(CO)NC(=O)c2cc3c(n(-c4ccc(Cl)cc4)c2=O)CC(C)(C)CC3=O)cc1
CHEMBL1165064,CCOC(=O)C(Cc1ccc(O)cc1)NS(=O)(=O)c1ccc2c(c1)C(=O)c1ccccc1C2=O
CHEMBL1165057,NS(=O)(=O)c1ccc(NC(=O)CSc2nnc(-c3ccccc3)c(-c3ccccc3)n2)cc1
CHEMBL1163649,Oc1ccc(-c2ccccc2)cc1CN1CCN(Cc2cc(-c3ccccc3)ccc2O)CC1
CHEMBL5290942,N=C(Nc1cnc(F)c(F)c1)Nc1cnc(F)c(F)c1
CHEMBL221118,Nc1cccc(CCc2ccc3cc[nH]c3c2)n1
CHEMBL4640948,NC1=N[C@@]2([C@@H]3C[C@H]3C(=O)Nc3ccc(F)cn3)COC[C@H]2CS1
CHEMBL4588220,O=C(/C=C/c1ccccc1)NCCc1cc2cc(O)ccc2[nH]1
CHEMBL3937141,CC[C@]1(C)CCC2=C1CC[C@H]1[C@H]2C[C@@H](Cl)C2=C[C@@H](O)[C@@H]3C[C@@]21C(=O)O3
CHEMBL3287407,COc1cc2c(c(O)c1C)C(=O)[C@@]1(O)c3cccc(OC)c3OC[C@@H]1O2
CHEMBL468168,CCC(C)C1NC(=O)C(SCc2cccc(C(F)(F)F)c2)=C1O
CHEMBL1760730,CC(C)c1cccc(CN[C@H]2COC[C@@H](Cc3ccc(O)c(Br)c3)[C@@H]2O)c1
CHEMBL1164332,COc1ccc(C(=O)Nc2ccccc2C(=O)NC(CCSC)C(=O)NNC(=O)Sc2nc3ccccc3s2)cc1
CHEMBL1504056,CCc1nnc(NC(=O)CSc2nc(-c3ccc(F)cc3)cc(-c3ccccc3)c2C#N)s1
CHEMBL1164691,Cc1ccc(Nc2nc(CN3CCOCC3)nc(N/N=C/c3cc(Br)cc(Br)c3O)n2)cc1
CHEMBL4860825,CC(C)(C)c1cccc(CNCC(O)CNCCC(c2ccccc2)c2ccccc2)c1
CHEMBL4166588,Cl.Nc1ncnc2c1ncn2CCNCC/N=C/c1ccc(O)cc1O
CHEMBL3586137,Cl.NC1=NC2CCC(NC(=O)c3ccc(F)cn3)CC2CS1
CHEMBL473159,Oc1cc(O)cc(O)c1
CHEMBL4582631,Cc1c(OCc2ccccc2)cccc1N1CCN(CC(=O)NC2CCN(Cc3ccccc3)C2)CC1
CHEMBL4096411,O=C1NC(=O)C2C=CNC2N1
CHEMBL1096682,C[C@@H](NC(=O)c1cc(-c2nnc([C@](C)(N)Cc3ccccc3)s2)cc(N(C)S(C)(=O)=O)c1)c1ccc(F)cc1
CHEMBL221170,COc1cccc(-c2cccc(CCc3cccc(N)n3)c2)c1
CHEMBL222794,C[C@@H](NC(=O)c1cc(OCC(=O)NCCCCCN)cc(-c2ccccc2C#N)c1)c1ccccc1
CHEMBL1782318,Cc1ccc(NC(=O)Cc2nnc(SCC(=O)Nc3nc(-c4ccccc4)cs3)n2C)cc1
CHEMBL3884069,N[C@@H](Cc1c[nH]c2ccccc12)Cn1cc(-c2ccc(Cl)c(Cl)c2)nn1
CHEMBL3951810,Cc1cn(-c2ccc3n(c2=O)CCN([C@@H](C)[C@@H]2CC[C@H](c4cc(F)c(Cl)cc4C(F)(F)F)O2)C3=O)cn1
CHEMBL939,COc1cc2ncnc(Nc3ccc(F)c(Cl)c3)c2cc1OCCCN1CCOCC1
CHEMBL1782317,N#Cc1c(-c2ccccc2)cc(-c2ccccc2)nc1SCC(=O)Nc1cccc([N+](=O)[O-])c1
CHEMBL2380457,COc1cccc(-c2cccc(C3(C)N=C(N)CN3C(C)=O)c2)c1
CHEMBL4126598,COc1cccc(-c2nc(SCC(=O)Nc3nc(-c4cccc(Br)c4)cs3)[nH]c(=O)c2C#N)c1
CHEMBL3883958,OC[C@@H]1Cc2c([nH]c3ccccc23)CN1Cc1cn(C[C@@H]2Cc3c([nH]c4ccccc34)CN2)nn1
CHEMBL145,O=C(O)/C=C/c1ccc(O)c(O)c1
CHEMBL1090415,C[C@@H](NC(=O)c1cc(N(C)S(C)(=O)=O)cc(-n2cc([C@](C)(N)Cc3ccccc3)nn2)c1)c1ccc(F)cc1
CHEMBL3703216,CCCC1Oc2ccc(Br)cc2C2(C=C(N)OC2)C12COC2
CHEMBL4166192,Cl.Oc1ccc(/C=N/CCNCCn2cnc3ccccc32)c(O)c1
CHEMBL5182136,COc1cc(/C=C/c2cc(=O)oc3c2ccc2oc(-c4cc(OC)cc(OC)c4)cc23)cc(OC)c1
CHEMBL1210336,C[C@H](NC[C@@H](O)[C@H](Cc1ccccc1)NC(=O)c1cccc(OS(=O)(=O)Cc2ccccc2)c1)C(=O)NC1CCCCC1
CHEMBL2314789,O=C1Nc2ccccc2C(c2ccccc2)=N[C@H]1C(O)CN1CCNCC1
CHEMBL4064412,CC(C)=CCC/C(=C/CC/C(C)=C/CC/C(C)=C/CC1=CC(=O)C=C(C)C1=O)C(=O)O
CHEMBL3977426,O=C([C@@H]1CNC[C@]12CCSc1ccccc12)N1CCC(c2ccccc2)CC1
CHEMBL1163705,CCOc1nc(NCCN2CCOCC2)nc(NNc2ccc(I)cc2C)n1
CHEMBL3086251,CC(C)(C)OC(=O)N(Cc1ccccc1)C[C@H](O)c1cccc(NC(=O)c2cccc3ccccc23)c1
CHEMBL2314788,O=C1Nc2cc(C(CO)NCc3ccccc3)ccc2C(c2ccccc2)=N[C@@H]1c1ccccc1
CHEMBL3645162,C[C@@H](NC(=O)c1ccc(C2(C)CCSC(N)=N2)s1)c1ccccc1
CHEMBL2380442,CC1(c2cccc(-c3cncnc3)c2)N=C(N)c2ccccc2S1
CHEMBL362378,CC1(C)C=Cc2c(ccc(C(=O)/C=C/c3ccc(O)cc3)c2O)O1
CHEMBL4287392,c1ccc(-c2cccc(OCCN3CCCCC3)c2)cc1
CHEMBL3794321,CC(=O)Nc1ccc(S(=O)(=O)NCC(=O)Nc2ccc(C)cc2C)cc1
CHEMBL2059330,CCc1cccc2ccn(CC(O)CSc3ccccc3Cl)c12
CHEMBL3086250,O=C(N[C@H](C(=O)Nc1cccc([C@@H](O)CN[C@H](CO)Cc2ccccc2)c1)c1ccccc1)OCc1ccccc1
CHEMBL76,CCN(CC)CCCC(C)Nc1ccnc2cc(Cl)ccc12
CHEMBL5281134,Nc1nc(-c2cccc(OCc3ccccc3)c2)cc(-c2ccc(Cl)cc2Cl)n1
CHEMBL3586207,CCCC[C@@H](O)/C=C/C=C/C(=O)O
CHEMBL5202021,COc1cc2oc(C(=O)Nc3cccc(CN(C)Cc4ccccc4)c3)cc(=O)c2cc1OC
CHEMBL1483796,O=C1CSC2(CCN(CCCN3c4ccccc4Sc4ccc(Cl)cc43)CC2)N1
CHEMBL3754357,COc1ccc(/C=C/C(=N/NC(=N)N)c2ccc(Cl)cc2)cc1OC
CHEMBL487804,CC(C)=CCC/C(C)=C/CC/C(C)=C/Cc1c(O)cc(C)cc1O
CHEMBL1933459,Nc1nc(Cc2ccc(-c3cccc4oc5ccccc5c34)cc2)cn1Cc1ccccc1Cl
CHEMBL4648247,COC(=O)[C@H]1OCC(=S)N[C@@H]1c1ccc(OC)cc1
CHEMBL559870,Oc1cc(O)c2oc3cc(O)c4oc5cc(O)cc(O)c5oc4c3oc2c1
CHEMBL167970,Oc1c(CN2CCCC2)cc(Nc2ccnc3cc(Cl)ccc23)cc1CN1CCCC1
CHEMBL4279857,CN(C)Cc1ccn(-c2ccc(NCCCN3CCCCC3)c(OCCN3CCCCC3)c2)c1
CHEMBL3640248,CC1(c2cccc(/N=C(\NO)c3ncc(Cl)cc3Cl)c2)CCSC(N)=N1
CHEMBL1909699,O=C(c1ccccc1)N(CCc1ccccc1)CC(O)Cn1c2ccccc2c2ccccc21
CHEMBL3400758,COC(=O)[C@H](CC(C)C)NC(=O)C[C@H](O)[C@H](Cc1ccccc1)NC(=O)[C@H](CCC(N)=O)N(C)C(=O)[C@@H](NC(=O)OCc1ccccc1)C(C)C
CHEMBL1934286,CS(=O)(=O)c1ccc(-c2ccccc2[C@@H]2CNC[C@H]2C(=O)N2CCOC[C@@H]2c2ccccc2)cc1
CHEMBL6246,O=c1oc2c(O)c(O)cc3c(=O)oc4c(O)c(O)cc1c4c23
CHEMBL377745,O=C(Nc1cc(Br)ccc1N1CCNCC1)c1ccc2ccccc2n1.O=C(O)C(F)(F)F
CHEMBL3688765,NC1=C[C@@](CF)(c2cc(Nc3nccc4cc(Cl)cnc34)cc(F)c2F)[C@@H]2C[C@@H]2O1
CHEMBL3677225,CCCN(CCC)C(=O)c1cccc(/C=C/C(=O)CC(=O)/C=C/c2ccc(O)cc2)c1
CHEMBL3968046,CCCCOC(=O)C[C@](C)(N[S@+]([O-])C(C)(C)C)c1cc(Br)ccc1F
CHEMBL1376633,COc1ccc(C2C(C#N)=C(N)N3C(=C2C#N)Sc2ccccc23)cc1
CHEMBL4128447,COc1cccc(-c2nc(SCC(=O)Nc3nc(-c4cc(Cl)c(N)c(Cl)c4)c[nH]3)[nH]c(=O)c2C#N)c1
CHEMBL1782314,Cc1nc(N/C(=N\C(=O)Nc2ccccc2)NC(=O)Nc2ccccc2)nc2ccccc12
CHEMBL5188397,Cc1cc2nc(-c3cnc(N)s3)c(-c3cnc(N)s3)nc2cc1C
CHEMBL579169,OC(CNc1cccc2ccccc12)Cn1c2ccccc2c2ccccc21
CHEMBL1940612,CCN(CCCCCCNC1=CC(=O)c2ccccc2C1=O)Cc1ccccc1OC
CHEMBL206097,O=C(Nc1cc(Br)ccc1N1CCN(S(=O)(=O)c2cccs2)CC1)c1cc(=O)c2ccccc2o1
CHEMBL4094980,COC(=O)[C@@H]1O[C@@H]2O[C@H]1C(=S)N(Cc1ccccc1)[C@H]2Cc1ccccc1
CHEMBL3639760,C=CC(=O)CC(=O)CC(c1ccc(O)cc1)c1ccc2cc[nH]c2c1
CHEMBL4442213,COc1ccc2[nH]c3nc4c(c(N)c3c2c1)CCCC4
CHEMBL3937749,COC1CCC2(CC1)Cc1ccc(Br)cc1C21CON(C)C(N)=N1
CHEMBL4167503,N=c1oc2ccccc2cc1C(=O)Nc1cc(Br)ccc1NCc1cn(CCCN2C(=O)c3ccccc3C2=O)nn1
CHEMBL4176954,COc1ccc2sc(N)cc2c1
CHEMBL5270796,CCCCCCCCCCCC1=CC(=O)C=CC1=O
CHEMBL2380448,COc1cccc(-c2cccc(C3(C)CSCC(N)=N3)c2)c1
CHEMBL1570219,CCOc1ccc(N2Cc3ccccc3C2)cc1
CHEMBL2158255,CC(=O)N[C@@H](Cc1ccccc1)[C@H](O)CNC1CC(C)(C)Cc2[nH]c(CC(C)(C)C)nc21
CHEMBL4062641,OC1=C2Nc3ccccc3N=C2OC1c1c[nH]c2ccc(COc3ccccc3)cc12
CHEMBL4159379,O=C(NCCNc1ccnc2cc(Cl)ccc12)c1cnccn1
CHEMBL419432,CC(C)CN(CCCN1CCN(CCCNc2nc3ccccc3[nH]2)CC1)CC(C)C
CHEMBL3291021,C#CCN(C)Cc1ccc(O)c2ncccc12
CHEMBL4090604,CC1Cc2ccc(OC(=O)c3ccc(NC(=N)N)cc3)cc2OC1=O
CHEMBL1526260,COc1ccc(C(=S)N(C)C)cc1OC
CHEMBL3945339,CC1(c2cccc(Nc3nsc4cc(Br)ccc34)c2)COCC(N)=N1
CHEMBL1272322,COc1ccc2cc(-c3cn(C[C@@H]4Cc5c([nH]c6ccccc56)CN4)nn3)ccc2c1
CHEMBL3951035,COc1ccc(C(=O)OCC(=O)CNC(=O)C(Cc2ccccc2)NC(=O)OCc2ccccc2)cc1
CHEMBL1312649,CC(=O)N1CCN(C(=S)c2ccc(N(C)C)cc2)CC1
CHEMBL449578,C[C@@H](NC(=O)c1cc(C(=O)N[C@@H](Cc2ccccc2)[C@H](O)CNC2CC2)cc(-c2cn(Cc3ccccc3)nn2)c1)c1ccccc1
CHEMBL3677210,CC(C)(C)[Si](C)(C)OCc1ccccc1/C=C/C(=O)CC(=O)/C=C/c1ccc(O)cc1
CHEMBL1917911,CCCCN(C)C(=O)n1cc(C(=O)N[C@@H](Cc2cc(F)cc(F)c2)[C@H](O)[C@H]2Cc3ccccc3CN2)c2cccnc21
CHEMBL3677228,COC(=O)c1ccccc1/C=C/C(=O)CC(=O)/C=C/c1ccc(O)cc1
CHEMBL205637,COc1ccc2c(CC(=O)Nc3cc(Br)ccc3N3CCN(S(=O)(=O)c4cccs4)CC3)cc(=O)oc2c1
CHEMBL589163,CN1C(=O)C(C2CCCCC2)(C2CCCCC2)N=C1N
CHEMBL5277231,CC12CC(c3c(O)cc(-c4cc5ccc(O)cc5o4)cc3O)CC3c4ccc(O)cc4OC31C2
CHEMBL3677230,CSc1ccccc1/C=C/C(=O)CC(=O)/C=C/c1ccc(O)cc1
CHEMBL1610040,Sc1nnc(CSc2nc3ccccc3s2)o1
CHEMBL1210350,O=C(N[C@@H](Cc1ccccc1)[C@H](O)CNCc1cccc(C(F)(F)F)c1)c1cccc(N2c3ccccc3OS2(=O)=O)c1
CHEMBL2347870,O=C(Nc1cc(Br)ccc1N1CCN(CCO)CC1)c1cc2ccccc2o/c1=N\c1ccccc1
CHEMBL2380451,COc1ccc(C2(c3cccc(-c4cncnc4)c3)N=C(N)n3nc(C)cc32)cc1
CHEMBL251307,C[C@@]1(N)Cc2cccc(c2)CC[C@H](c2ccccc2)NC(=O)c2cc(cc(-c3ncco3)c2)COC1=O
CHEMBL3586133,NC1=NC2CCC(OC(=O)c3cccc(Cl)c3)CC2CS1.O=C(O)C(F)(F)F
CHEMBL5287811,C(=N/Nc1nnc(-c2cccs2)c(-c2cccs2)n1)\c1cc2ccccc2[nH]1
CHEMBL2380450,COc1ccc(C2(c3cccc(-c4cncnc4)c3)N=C(N)c3nc(C)sc32)cc1
CHEMBL583178,CN1C(=N)N[C@](CCC2CCCCC2)(CC2CCCCC2)C1=O
CHEMBL2403762,C[C@]1(c2cccc(NC(=O)c3ccc(Cl)cn3)c2)N=C(N)c2ccccc21
CHEMBL1929421,C#CCN(C)Cc1cc2cc(OCCCC3CCN(Cc4ccccc4)CC3)ccc2n1C
CHEMBL142715,c1ccc(-c2ccc(COc3ccc4c(c3)CCC(CCN3CCCCC3)C4)cc2)cc1
CHEMBL4457091,Cn1nccc1[C@@H]1C[C@@](C)(c2ccc(F)cc2F)N=C(N)S1
CHEMBL122899,O=c1[nH]c(=O)c2cc[nH]c2[nH]1
CHEMBL251118,C[C@@]1(N)Cc2cccc(c2)CC[C@H](c2ccccc2)NC(=O)c2cc(Br)cc(c2)COC1=O
CHEMBL1601822,Fc1ccccc1CSc1nc2ccc[nH]c-2n1
CHEMBL244416,CCN(Cc1ccccc1)Cc1ccc(-c2cc3cc(OC)c(OC)cc3oc2=O)cc1
CHEMBL3586197,CC1(C)C(=O)CC[C@@]2(C)[C@H]1CC[C@@]1(C)CC3=CC(=O)[C@H]4C(C)(C)[C@H](O)CC[C@]4(C)[C@H]3CC[C@@H]12
CHEMBL2407494,O=C(N[C@@H](Cc1ccccc1)[C@H](O)CNCc1cccc(C(F)(F)F)c1)c1cc(N2CCCC2=O)c(=O)n(C2CCCC2)c1
CHEMBL1589705,COc1ccc(-n2nc3cc(C)c(NC(=O)CC(C)C)cc3n2)cc1
CHEMBL3937030,CC(C)N1CNc2c(NCc3ccc(N)cc3)nc(N3CCCCC3CCO)nc21
CHEMBL5196827,O=C(CCN1CCN(Cc2ccccc2)CC1)Nc1ccc2nc3n(c(=O)c2c1)CCC3
CHEMBL4110028,CC(C)(O)c1nc(N2C[C@H]3CSC(N)=[N+](c4cnccn4)[C@H]3C2)ncc1F
CHEMBL5194590,C=C1[C@@]23C(=O)O[C@H](C)[C@@]2(O)C(=O)O[C@]1(C)[C@@H](O)C1=C2CO[C@H]4CC(=O)OC(C)(C)[C@@]24CC[C@@]13C
CHEMBL3656239,COCCOc1ccc2c(c1)C1(CC(=N)N(CC(F)(F)F)C1=O)[C@]1(CC[C@H](OC)CC1)C2
CHEMBL1917915,CCCN(CCC)C(=O)c1cc(C(=O)N[C@@H](Cc2cc(F)cc(F)c2)[C@H](O)[C@H]2C[C@@H](S(=O)(=O)CCC)CN2)cc(-c2ncco2)c1
CHEMBL3936271,CCOC1=CC=C/C(=C\Nc2cc(C)cc(C)c2O)C1=O
CHEMBL5270666,CC(=O)Nc1c(Cl)cc(C/N=C(\N)NC(=O)Cn2ccc3ccc(C#N)cc32)cc1Cl
CHEMBL3656168,[C-]#[N+]c1cccc(-c2ccc3c(c2)C2(CC(=N)N(C)O2)C2(CCC(OCC)CC2)C3)c1
CHEMBL5178174,C[C@@]1(S(C)(=O)=O)CC[C@@](CF)(c2nc(-c3cnc(OCF)cn3)ccc2F)N=C1N
CHEMBL1950045,OCCc1ccc(O)c(O)c1
CHEMBL3691359,NC1=N[C@@]2(c3ccc(F)cc3F)CO[C@@H](COCc3ccccc3)C[C@H]2CO1
CHEMBL4437812,C[C@@]1(c2cc(-c3cc(-c4cnc(C#N)cn4)no3)ccc2F)C[C@@H](C(F)(F)F)OC(N)=N1
CHEMBL2442231,C[C@@H](NC(=O)c1cc(C(=O)N[C@@H](Cc2ccccc2)[C@@H](O)C(=O)Nc2nnc(Br)s2)cc(N(C)S(C)(=O)=O)c1)c1ccccc1
CHEMBL5193623,C[C@@]1(c2nc(-c3ccc(F)cn3)cs2)CC[C@@](C)(S(C)(=O)=O)C(N)=N1
CHEMBL3922739,CO[C@H]1CC[C@]2(CC1)Cc1ccc(-c3cnc(C)nc3)cc1C21CC(=N)N(C(C)C)C1=O
CHEMBL4461226,N#Cc1ccc(C(=O)Nc2ccc(F)c([C@]34COC[C@H]3n3cccc3C(N)=N4)c2)nc1
CHEMBL3741314,C[C@@]1(c2cc(-c3cn(-c4ccc(C#N)cn4)nn3)ccc2F)C[S@]2(=O)=NCCCCN2C(N)=N1
CHEMBL2158253,CC(=O)N[C@@H](Cc1ccccc1)[C@H](O)CNC1CC(C)(C)Oc2sc(CC(C)(C)C)cc21
CHEMBL3670329,Cc1c(C(=O)Nc2ccc(F)c([C@]3(C)C=CSC(N)=N3)c2)oc2ccc(Br)cc12
CHEMBL3695754,COc1ccc2c(c1)C1(N=C(N)N(C)C1=O)c1cc(NC(=O)c3ccc(Cl)cn3)ccc1O2
CHEMBL4066837,CC[C@H](C)Nc1cc(C(=O)N[C@@H](Cc2ccccc2)[C@H](O)[C@H]2CCCN2)cc(S(C)(=O)=O)n1.Cl
CHEMBL5180053,CN(C)S(=O)(=O)[C@]1(C)CC[C@@](CF)(c2cc(-c3ccc(F)cn3)ccc2F)N=C1N
CHEMBL4440849,C#CCOc1cnc(/C(F)=C/c2ccc(F)c([C@]3(C)CS(=O)(=O)N(C)C(N)=N3)c2)cn1
CHEMBL5267312,C/C(=C\C1=CCN(C(=O)CCc2ccccc2)C(=O)C1)N1C(=O)c2ccccc2C1=O
CHEMBL2177305,CCn1cc([C@]2(c3cccc(NC(=O)c4ccc(Cl)cn4)c3)N=C(N)c3c(F)cccc32)cc(C)c1=O
CHEMBL3683819,N#Cc1ccc(C(=O)Nc2ccc(F)c([C@]3(C(F)F)N=C(N)O[C@H]4C[C@H]43)c2)nc1
CHEMBL3683833,N#Cc1ccc(C(=O)Nc2ccc(F)c([C@@]3(C(F)F)N=C(N)O[C@@H]4C[C@@H]43)c2)nc1
CHEMBL3688736,C#Cc1ccc(C(=O)Nc2ccc(F)c([C@@]3(C(F)F)N=C(N)O[C@@H]4C[C@@H]43)c2)nc1
CHEMBL3688716,NC1=N[C@@](c2cc(NC(=O)c3ccccn3)ccc2F)(C(F)F)[C@H]2C[C@H]2O1
CHEMBL3688717,Cc1cccnc1C(=O)Nc1ccc(F)c([C@@]2(C(F)F)N=C(N)O[C@@H]3C[C@@H]32)c1
CHEMBL3688616,Cc1cnc(C(=O)Nc2ccc(F)c([C@@]3(C(F)F)N=C(N)O[C@@H]4C[C@@H]43)c2)c(C)c1
CHEMBL3688815,Cc1cc(NC(=O)c2ccc(C#N)cn2)cc([C@@]2(C(F)F)N=C(N)O[C@@H]3C[C@@H]32)c1F
CHEMBL3688737,CC#Cc1ccc(C(=O)Nc2ccc(F)c([C@@]3(C(F)F)N=C(N)O[C@@H]4C[C@@H]43)c2)nc1
CHEMBL3683863,N#Cc1ccc(C(=O)Nc2cc(F)c(F)c([C@]3(C(F)F)N=C(N)O[C@H]4C[C@H]43)c2)nc1
CHEMBL3683866,N#Cc1ccc(C(=O)Nc2cc(F)c(F)c([C@@]3(C(F)F)N=C(N)O[C@@H]4C[C@@H]43)c2)nc1
CHEMBL3978126,CCO[C@H]1CC[C@]2(CC1)Cc1ccc(-c3cccc(OC)c3)cc1C21N=C(N)N(C)C1=O
CHEMBL3656132,COC1CCC2(CC1)Cc1ccc(-c3cccc(OC(F)(F)F)c3)cc1C21N=C(N)N(C)C1=O
CHEMBL3656137,COc1cc(Cl)cc(-c2ccc3c(c2)C2(N=C(N)N(C)C2=O)C2(CCC(OC)CC2)C3)c1
CHEMBL3652433,COC1CCC2(CC1)Cc1ccc(-c3cccc(C#N)c3)cc1C21N=C(N)N(C)C1=O
CHEMBL3260841,COC1CCC2(CC1)Cc1ccc(-c3cccc(C#N)c3)cc1C21N=C(N)N(C)C1=O
CHEMBL3907588,COc1ccc2c(c1)C1(N=C(N)N(C)C1=O)C1(CCC(OC)CC1)C2
CHEMBL3965117,COC1CCC2(CC1)Cc1ccc(-c3cccc(Cl)c3)cc1C21N=C(N)N(C)C1=O
CHEMBL3984225,CCN1C(=O)C2(N=C1N)c1cc(-c3cccc(C#N)c3)ccc1CC21CCC(OC)CC1
CHEMBL3913272,CO[C@H]1CC[C@]2(CC1)Cc1ccc(OC(C)C)cc1C21N=C(N)N(C)C1=O
CHEMBL3977859,COc1cc(-c2ccc3c(c2)C2(N=C(N)N(C)C2=O)C2(CCC(OC)CC2)C3)ccn1
CHEMBL3703274,Cc1cncc(-c2ccc3c(c2)C2(COC(N)=N2)C2(COC2)C2(CCC2)O3)c1
CHEMBL3703271,COc1cncc(-c2ccc3c(c2)C2(COC(N)=N2)C2(COC2)C2(CCC2)O3)c1
CHEMBL3650838,NC1=NC2(CO1)c1cc(-c3cncc4ccccc34)ccc1OC1(CCC1)C21COC1
CHEMBL3703273,Cc1ncccc1-c1ccc2c(c1)C1(COC(N)=N1)C1(COC1)C1(CCC1)O2
CHEMBL3703209,NC1=NC2(CO1)c1cc(-c3cncnc3)ccc1OC1(CCC1)C21COC1
CHEMBL3703269,NC1=NC2(CO1)c1cc(-c3cncc(F)c3)ccc1OC1(CCC1)C21COC1
CHEMBL3650839,NC1=NC2(CO1)c1cc(-c3cnc4ccccc4c3)ccc1OC1(CCC1)C21COC1
CHEMBL3703311,NC1=NC2(CO1)c1cc(-c3ccc(F)nc3)ccc1OC1(CCC1)C21COC1
CHEMBL3703312,N#Cc1cncc(-c2ccc3c(c2)C2(COC(N)=N2)C2(COC2)C2(CCC2)O3)c1
CHEMBL3703282,COc1cncc(-c2ccc3c(c2)C2(COC(N)=N2)C2(COC2)C(C)(C)O3)c1
CHEMBL3261074,N#Cc1ccc(C(=O)Nc2ccc(F)c([C@]3(C(F)F)COCC(N)=N3)c2)nc1
CHEMBL3653459,NC1=N[C@@](c2cc(NC(=O)c3ccc(C(F)F)cn3)ccc2F)(C(F)F)COC1
CHEMBL3653380,NC1=N[C@@](c2cc(NC(=O)c3ccc(C(F)(F)F)cn3)ccc2F)(C(F)F)COC1
CHEMBL3653414,N#Cc1ccc(C(=O)Nc2cc(C3(C(F)F)COCC(N)=N3)c(F)cc2F)nc1
CHEMBL3653421,N#Cc1ccc(C(=O)Nc2ccc(F)c(C3(CF)COCC(N)=N3)c2)nc1
CHEMBL3653407,C[C@H]1OC[C@](c2cc(NC(=O)c3ccc(C#N)cn3)ccc2F)(C(F)F)N=C1N
CHEMBL3653512,Cc1cc(C#N)cnc1C(=O)Nc1ccc(F)c([C@]2(C(F)F)COCC(N)=N2)c1
CHEMBL3653408,C[C@@H]1OC[C@](c2cc(NC(=O)c3ccc(C#N)cn3)ccc2F)(C(F)F)N=C1N
CHEMBL3653378,NC1=NC(c2cc(NC(=O)c3ccc(Cl)cn3)ccc2F)(C(F)F)COC1
CHEMBL3653464,NC1=N[C@@](c2cc(NC(=O)c3ccc(Cl)cn3)ccc2F)(C(F)F)COC1
CHEMBL3972170,CO[C@H]1CC[C@]2(CC1)Cc1ccc(-c3cc(C#N)cc(C#N)c3)cc1C21N=C(C)C(N)=N1
CHEMBL3895159,CO[C@H]1CC[C@]2(CC1)Cc1ccc(-c3cc(C)cc(C#N)c3)cc1C21N=C(C)C(N)=N1
CHEMBL3653732,COCc1cccc(-c2ccc3c(c2)C2(N=C(C)C(N)=N2)[C@]2(CC[C@H](OC)CC2)C3)c1
CHEMBL3657419,CCc1cc(C#N)cc(-c2ccc3c(c2)C2(N=C(C)C(N)=N2)[C@]2(CC[C@H](OC)CC2)C3)c1
CHEMBL2151058,CC#Cc1cccc(-c2ccc3c(c2)C2(N=C(C)C(N)=N2)[C@]2(CC[C@H](OC)CC2)C3)c1
CHEMBL3653725,CCC1=NC2(N=C1N)c1cc(-c3cccc(C#N)c3)ccc1C[C@]21CC[C@@H](OC)CC1
CHEMBL3953357,CO[C@H]1CC[C@]2(CC1)Cc1ccc(-c3cc(F)cc(F)c3)cc1[C@@]21N=C(C)C(N)=N1
CHEMBL3903281,CO[C@H]1CC[C@]2(CC1)Cc1ccc(-c3cc(F)ccc3F)cc1[C@@]21N=C(C)C(N)=N1
CHEMBL3917003,CO[C@H]1CC[C@]2(CC1)Cc1ccc(-c3ccc(F)cc3F)cc1[C@@]21N=C(C)C(N)=N1
CHEMBL3657420,COCc1cc(C#N)cc(-c2ccc3c(c2)C2(N=C(C)C(N)=N2)[C@]2(CC[C@H](OC)CC2)C3)c1
CHEMBL3944703,COC(C)c1ccc([C@H]2C[C@H]3CSC(N)=N[C@@]3(c3ccc(F)cc3F)CO2)cc1
CHEMBL3958680,COCc1ccc([C@H]2C[C@H]3CSC(N)=N[C@@]3(c3ccc(F)cc3F)CO2)cc1
CHEMBL3911696,Cc1ccc([C@H]2C[C@H]3CSC(N)=N[C@@]3(c3ccc(F)cc3F)CO2)cc1
CHEMBL3933081,NC1=N[C@@]2(c3ccc(F)cc3F)CO[C@@H](c3cccc(F)c3)C[C@H]2CS1
CHEMBL3906147,Cc1cc([C@H]2C[C@H]3CSC(N)=N[C@@]3(c3ccc(F)cc3F)CO2)ccc1F
CHEMBL3948426,NC1=N[C@@]2(c3ccc(F)cc3F)CO[C@@H](c3ccccc3F)C[C@H]2CS1
CHEMBL3920625,NC1=N[C@@]2(c3ccc(F)cc3F)CO[C@@H](c3ccc(F)cc3F)C[C@H]2CS1
CHEMBL3942431,N#Cc1ccc([C@H]2C[C@H]3CSC(N)=N[C@@]3(c3ccc(F)cc3F)CO2)cc1
CHEMBL3967066,Cc1ccc([C@H]2C[C@H]3CSC(N)=N[C@@]3(c3ccc(F)cc3F)CO2)cc1F
CHEMBL3943095,NC1=N[C@@]2(c3ccc(F)cc3F)CO[C@@H](c3ccc(F)c(F)c3)C[C@H]2CS1
CHEMBL4534367,COc1ccc(-c2cccc(C3(c4ccccc4)N=C(N)N(C)C3=O)c2)cc1OC
CHEMBL4550145,COc1ccc(OC)c(-c2cccc(C3(c4ccccc4)N=C(N)N(C)C3=O)c2)c1
CHEMBL4463101,COc1cccc(OC)c1-c1cccc(C2(c3ccccc3)N=C(N)N(C)C2=O)c1
CHEMBL4543671,COc1ccc(-c2cccc(C3(c4ccccc4)N=C(N)N(C)C3=O)c2)c(OC)c1
CHEMBL1092124,COc1cccc(-c2cccc(C3(c4ccncc4)N=C(N)N(C)C3=O)c2)c1
CHEMBL4443833,COc1cccc(-c2cccc(C3(c4ccccc4)N=C(N)N(C)C3=O)c2)c1OC
CHEMBL1092125,CN1C(=O)C(c2ccncc2)(c2cccc(-c3cccc(OC(F)(F)F)c3)c2)N=C1N
CHEMBL4547714,Cc1ccc(-c2cccc(C3(c4ccccc4)N=C(N)N(C)C3=O)c2)cc1C
CHEMBL577905,COc1ccc(C2(c3ccccc3)N=C(N)N(C)C2=O)cc1
CHEMBL4445450,COc1cccc(-c2cccc(C3(c4ccccc4)N=C(N)N(C)C3=O)c2)c1F
CHEMBL3961254,[C-]#[N+]COc1ccc(C(=O)Nc2csc([C@]34CO[C@@H](C)C[C@H]3CSC(N)=N4)n2)nc1
CHEMBL3973408,C[C@H]1C[C@H]2CSC(N)=N[C@@]2(c2nc(NC(=O)c3ccc(OCF)cn3)cs2)CO1
CHEMBL3952064,C[C@H]1C[C@H]2CSC(N)=N[C@@]2(c2nc(NC(=O)c3ccc(OC(F)F)cn3)cs2)CO1
CHEMBL3902541,C[C@H]1C[C@H]2CSC(N)=NC2(c2nc(NC(=O)c3ccc(OC(F)F)cn3)cs2)CO1
CHEMBL3944166,C[C@H]1C[C@H]2CSC(N)=N[C@@]2(c2nc(NC(=O)c3ccc(OCC(F)F)cn3)cs2)CO1
CHEMBL3947194,C[C@H]1C[C@H]2CSC(N)=N[C@@]2(c2nc(NC(=O)c3ccc(OC(F)(F)F)cn3)cs2)CO1
CHEMBL3922075,CC#CCOc1ccc(C(=O)Nc2csc([C@]34CO[C@@H](C)C[C@H]3CSC(N)=N4)n2)nc1
CHEMBL3977620,C[C@H]1C[C@H]2CSC(N)=N[C@@]2(c2nc(NC(=O)c3ccc(OC(C)(F)F)cn3)cs2)CO1
CHEMBL3946217,CCC(F)(F)Oc1ccc(C(=O)Nc2csc([C@]34CO[C@@H](C)C[C@H]3CSC(N)=N4)n2)nc1
CHEMBL3962126,COc1cnc(C(=O)Nc2csc([C@]34CO[C@@H](C)C[C@H]3CSC(N)=N4)n2)c(C)c1
CHEMBL3354709,CC(C)(C)COc1ccc2c(c1)[C@]1(COC(N)=N1)c1cc(-c3cccnc3F)ccc1O2
CHEMBL3354710,CC(C)(C)COc1ccc2c(c1)[C@]1(COC(N)=N1)c1cc(-c3c(F)ccnc3F)ccc1O2
CHEMBL3354705,CC(C)(C)COc1ccc2c(c1)[C@]1(COC(N)=N1)c1cc(-c3ccc(F)nc3)ccc1O2
CHEMBL2177336,COc1ccc2c(c1)C1(COC(N)=N1)c1cc(-c3cnccc3F)ccc1O2
CHEMBL3354715,CC1(COc2cc(F)c3c(c2)[C@]2(COC(N)=N2)c2cc(-c4cccnc4F)ccc2O3)COC1
CHEMBL3354716,CC(C)(F)COc1cc(F)c2c(c1)[C@]1(COC(N)=N1)c1cc(-c3cccnc3F)ccc1O2
CHEMBL3354707,CC(C)(C)COc1ccc2c(c1)[C@]1(COC(N)=N1)c1cc(-c3cncc(F)c3)ccc1O2
CHEMBL3354704,CC(C)(C)COc1ccc2c(c1)[C@]1(COC(N)=N1)c1cc(-c3cccnc3)ccc1O2
CHEMBL2177341,COc1ccc2c(c1)[C@@]1(COC(N)=N1)c1cc(-c3cncnc3)ccc1O2
CHEMBL2177339,COc1ccc2c(c1)C1(COC(N)=N1)c1cc(-c3cncnc3)ccc1O2
CHEMBL3656164,CN1OC2(N=C1N)c1cc(-c3cccc(C#N)c3)ccc1CC21CCc2ccccc2C1
CHEMBL3656143,CN1OC2(N=C1N)c1cc(-c3cccc(C#N)c3)ccc1CC21CCc2ccccc2CC1
CHEMBL3902664,Cc1cccc2c1CCC1(CCc3ccc(-c4cccc(C#N)c4)cc3C13N=C(N)N(C)O3)C2
CHEMBL3656165,CN1OC2(N=C1N)c1cc(-c3cccc(C#N)c3)ccc1CC21CCCc2ccccc2C1
CHEMBL3656169,CN1OC2(N=C1N)c1cc(-c3cccc(C#N)c3)ccc1CC21CCCC1
CHEMBL3656170,CN1OC2(N=C1N)c1cc(-c3cccc(C#N)c3)ccc1CC21CCOCC1
CHEMBL3656162,CN1OC2(N=C1N)c1cc(-c3cccc(C#N)c3)ccc1CC21CCc2cc(F)ccc2C1
CHEMBL3656179,CN1OC2(N=C1N)c1cc(-c3cccc(C#N)c3)ccc1CCC21CCc2ccccc2CC1
CHEMBL3656152,CN1OC2(N=C1N)c1cc(-c3cccc(C#N)c3)ccc1CC21CCc2cc(F)c(F)cc2C1
CHEMBL3656131,CN1OC2(N=C1N)c1cc(-c3cc(Cl)cc(C#N)c3)ccc1CC21CCc2ccccc2CC1
CHEMBL266891,C[C@@H](NC(=O)c1cc(C(=O)N[C@@H](Cc2ccccc2)[C@H](O)CNC(C)(C)C)cc(N(C)S(C)(=O)=O)c1)c1ccc(F)cc1
CHEMBL225442,C[C@@H](NC(=O)c1cc(C(=O)N[C@@H](Cc2ccccc2)[C@H](O)CN)cc(N(C)S(C)(=O)=O)c1)c1ccc(F)cc1
CHEMBL377625,C[C@@H](NC(=O)c1cc(C(=O)N[C@@H](Cc2ccccc2)[C@H](O)CNC2CC2)cc(N(C)S(C)(=O)=O)c1)c1ccc(F)cc1
CHEMBL253103,CC(C)NC[C@@H](O)[C@H](Cc1ccccc1)NC(=O)c1cc(C(=O)N[C@H](C)c2ccccc2)cc(N(C)S(C)(=O)=O)c1
CHEMBL502647,C[C@@H](NC(=O)c1cc(C(=O)N[C@@H](Cc2ccccc2)[C@H](O)CNC2CCN(Cc3ccccc3)CC2)cc(N(C)S(C)(=O)=O)c1)c1ccc(F)cc1
CHEMBL378225,C[C@@H](NC(=O)c1cc(C(=O)N[C@@H](Cc2ccccc2)[C@H](O)CNC2CC2)cc(N(C)S(C)(=O)=O)c1)c1ccccc1
CHEMBL221454,C[C@@H](NC(=O)c1cc(C(=O)N[C@@H](Cc2ccccc2)C(O)CNC2CC2)cc(N(C)S(C)(=O)=O)c1)c1ccccc1
CHEMBL445960,C[C@@H](NC(=O)c1cc(C(=O)N[C@@H](Cc2ccccc2)[C@H](O)CNCC2CCN(Cc3ccccc3)CC2)cc(N(C)S(C)(=O)=O)c1)c1ccc(F)cc1
CHEMBL502172,C[C@@H](NC(=O)c1cc(C(=O)N[C@@H](Cc2ccccc2)[C@H](O)CNC2CCN(Cc3ccccc3)CC2)cc(N(C)S(C)(=O)=O)c1)c1ccccc1
CHEMBL499686,C[C@@H](NC(=O)c1cc(C(=O)N[C@@H](Cc2ccccc2)[C@H](O)CNCC2CCN(Cc3ccccc3)CC2)cc(N(C)S(C)(=O)=O)c1)c1ccccc1
CHEMBL1209104,CC(=O)N[C@@H](Cc1cc(F)cc(F)c1)[C@H](O)CNC1(c2cccc(C3CCCC3)c2)CCCCC1
CHEMBL1208873,CC(=O)N[C@@H](Cc1cc(F)cc(F)c1)[C@H](O)CNC1(c2cccc(CC(C)C)c2)CCCCC1
CHEMBL1257772,CC(=O)N[C@@H](Cc1cc(F)cc(F)c1)[C@H](O)CNC1(c2cc(C)cc(C(C)(C)C)c2)CCCCC1
CHEMBL571860,CC(=O)N[C@@H](Cc1cc(F)cc(F)c1)[C@H](O)CNC1(c2cccc(C(C)(C)C)c2)CCCCC1
CHEMBL1257531,CC(=O)N[C@@H](Cc1cc(F)cc(F)c1)[C@H](O)CNC1(c2cc(F)cc(C(C)(C)C)c2)CCCCC1
CHEMBL1208872,CCC(C)(C)c1cccc(C2(NC[C@@H](O)[C@H](Cc3cc(F)cc(F)c3)NC(C)=O)CCCCC2)c1
CHEMBL1257530,CC(=O)N[C@@H](Cc1cc(F)cc(F)c1)[C@H](O)CNC1(c2cccc(CC(C)(C)C)c2)CCCCC1
CHEMBL571833,CC(=O)N[C@@H](Cc1cc(F)cc(F)c1)[C@H](O)CNC1(c2cccc(C(C)(C)C)c2)CCCC1
CHEMBL1208934,CC(=O)N[C@@H](Cc1cc(F)cc(F)c1)[C@H](O)CNC1(c2cccc(C#N)c2)CCCCC1
CHEMBL569390,CC(=O)N[C@@H](Cc1cc(F)cc(F)c1)[C@H](O)CN[C@]1(c2cccc(C(C)(C)C)c2)CC[C@H](O)CC1
CHEMBL4568202,C[C@@]1(c2cc(NC(=O)c3cnc(OCF)cn3)ccc2F)CCSC(N)=N1
CHEMBL3640234,COCCOCCOc1cnc(C(=O)Nc2ccc(F)c([C@]3(C)CCSC(N)=N3)c2)cn1
CHEMBL4536643,C[C@@]1(c2cc(NC(=O)c3cnc(OCC(F)(F)F)cn3)ccc2F)CCSC(N)=N1
CHEMBL3670314,C=C1C[C@@](C)(c2cc(NC(=O)c3cnc(OC)cn3)ccc2F)N=C(N)S1
CHEMBL3640245,COc1cnc(C(=O)Nc2ccc(F)c([C@@]3(C)N=C(N)SCC3=O)c2)cn1
CHEMBL3645157,CCCOc1cnc(C(=O)Nc2cccc([C@]3(C)CCSC(N)=N3)c2)cn1
CHEMBL3645156,CCCCOc1cnc(C(=O)Nc2cccc(C3(C)CCSC(N)=N3)c2)cn1
CHEMBL3645153,COCCOc1cnc(C(=O)Nc2cccc(C3(C)CCSC(N)=N3)c2)cn1
CHEMBL3645155,COCCOc1cnc(C(=O)Nc2cccc([C@]3(C)CCSC(N)=N3)c2)cn1
CHEMBL4438526,C[C@@]1(c2cc(NC(=O)c3cnc(OCF)cn3)ccc2F)C[C@@H](C(F)F)SC(N)=N1
CHEMBL1916004,CCCC[C@H]1CCN([C@@H](CCc2ccccc2)C(=O)N[C@@H](Cc2cc(F)cc(F)c2)[C@H](O)[C@H]2C[C@H](O)CN2)C1=O
CHEMBL1916002,CCCC[C@H]1CCN([C@@H](CCc2ccccc2)C(=O)N[C@@H](Cc2cc(F)cc(F)c2)[C@H](O)[C@H]2C[C@@H](O)CN2)C1=O
CHEMBL1916156,CCC[C@@H](O)[C@H]1CCN([C@@H](C)C(=O)N[C@@H](Cc2cc(F)cc(F)c2)[C@H](O)[C@H]2C[C@H](O)CN2)C1=O
CHEMBL1916006,CCC(C)[C@@]1(NC(C)=O)CCN([C@@H](C)C(=O)N[C@@H](Cc2cc(F)cc(F)c2)[C@H](O)[C@H]2C[C@H](O)CN2)C1=O
CHEMBL1915997,CCCC[C@H]1CCN([C@@H](C)C(=O)N[C@@H](Cc2cc(F)cc(F)c2)[C@H](O)[C@H]2C[C@@H](OCCC)CN2)C1=O
CHEMBL1915999,CCCO[C@H]1CN[C@@H]([C@@H](O)[C@H](Cc2cc(F)cc(F)c2)NC(=O)[C@H](C)N2CC[C@H](CC(C)C)C2=O)C1
CHEMBL1916001,CCC(C)[C@@]1(NC(C)=O)CCN([C@@H](CCc2ccccc2)C(=O)N[C@@H](Cc2cc(F)cc(F)c2)[C@H](O)[C@H]2C[C@@H](O)CN2)C1=O
CHEMBL1916003,CCC(C)[C@@]1(NC(C)=O)CCN([C@@H](CCc2ccccc2)C(=O)N[C@@H](Cc2cc(F)cc(F)c2)[C@H](O)[C@H]2C[C@H](O)CN2)C1=O
CHEMBL1916005,CCC[C@@H](O)[C@H]1CCN([C@@H](CCc2ccccc2)C(=O)N[C@@H](Cc2cc(F)cc(F)c2)[C@H](O)[C@H]2C[C@H](O)CN2)C1=O
CHEMBL1915998,CCCO[C@H]1CN[C@@H]([C@@H](O)[C@H](Cc2cc(F)cc(F)c2)NC(=O)[C@H](C)N2CC[C@H](C(C)C)C2=O)C1
CHEMBL2177107,CC(=O)N[C@@H](Cc1ccccc1)[C@H](O)CN[C@H]1CC2(CCC2)Oc2ncc(CC(C)C)cc21
CHEMBL2177317,CCc1cnc2c(c1)[C@@H](NC[C@@H](O)[C@H](Cc1ccccc1)NC(C)=O)CC1(CCC1)O2
CHEMBL2151153,CC(=O)N[C@@H](Cc1ccc(Cl)cc1)[C@H](O)CN[C@H]1CC2(CCC2)Oc2ncc(CC(C)(C)C)cc21
CHEMBL2030997,CC(=O)N[C@@H](Cc1ccc(F)cc1)[C@H](O)CN[C@H]1CC2(CCC2)Oc2ncc(CC(C)(C)C)cc21
CHEMBL2177319,CC(=O)N[C@@H](Cc1ccccc1)[C@H](O)CN[C@H]1CC2(CCC2)Oc2ncccc21
CHEMBL2031140,CC(=O)N[C@@H](Cc1ccc(F)cc1)[C@H](O)CN[C@H]1C[C@]2(C[C@@H](C)C2)Oc2ncc(CC(C)(C)C)cc21
CHEMBL2031141,CC(=O)N[C@@H](Cc1ccc(F)cc1)[C@H](O)CN[C@H]1C[C@]2(C[C@H](C)C2)Oc2ncc(CC(C)(C)C)cc21
CHEMBL2030996,CC(=O)N[C@@H](Cc1cccc(F)c1)[C@H](O)CN[C@H]1CC2(CCC2)Oc2ncc(CC(C)(C)C)cc21
CHEMBL2031147,CC(=O)N[C@@H](Cc1ccc(F)cc1)[C@H](O)CN[C@H]1C[C@]2(C[C@@H](O)C2)Oc2ncc(CC(C)(C)C)cc21
CHEMBL2031148,CC(=O)N[C@@H](Cc1ccc(F)cc1)[C@H](O)CN[C@H]1C[C@]2(C[C@H](O)C2)Oc2ncc(CC(C)(C)C)cc21
CHEMBL3913444,NC1=N[C@](CF)(c2cc(Nc3nccc4cc(Cl)cnc34)cc(F)c2F)C[C@@H](C(F)(F)F)O1
CHEMBL3940322,NC1=N[C@](CF)(c2cc(Nc3ncc(F)c4cc(Cl)cnc34)ccc2F)C[C@@H](C(F)(F)F)O1
CHEMBL3949268,C[C@@]1(c2cc(Nc3nccc4cc(Cl)cnc34)cc(F)c2F)C[C@@H](C(F)(F)F)OC(N)=N1
CHEMBL3909033,NC1=N[C@](CF)(c2cccc(Nc3nccc4cc(Cl)cnc34)c2)C[C@@H](C(F)(F)F)O1
CHEMBL3975091,NC1=N[C@](CF)(c2cc(Nc3ncnc4cc(Cl)cnc34)ccc2F)C[C@@H](C(F)(F)F)O1
CHEMBL3902460,N#Cc1cnc2c(Nc3cc(F)c(F)c([C@]4(CF)C[C@@H](C(F)(F)F)OC(N)=N4)c3)nccc2c1
CHEMBL3903960,N#Cc1cnc2c(Nc3ccc(F)c([C@]4(CF)C[C@@H](C(F)(F)F)OC(N)=N4)c3)ncc(F)c2c1
CHEMBL3940796,Cc1cc(Nc2ncnc3cc(Cl)cnc23)cc([C@]2(CF)C[C@@H](C(F)(F)F)OC(N)=N2)c1F
CHEMBL3942282,COc1cnc2c(Nc3ccc(F)c([C@]4(CF)C[C@@H](C(F)(F)F)OC(N)=N4)c3)nccc2c1
CHEMBL3688769,NC1=N[C@](CF)(c2cc(Nc3nccc4cc(Cl)cnc34)ccc2F)[C@H]2C[C@H]2O1
CHEMBL2048039,CCOc1cc(C[C@@H]2CS(=O)(=O)C[C@H](NCc3cccc(C(C)(C)C)c3)[C@H]2O)cc(F)c1N
CHEMBL2048038,CCCOc1cc(C[C@@H]2CS(=O)(=O)C[C@H](NCc3cccc(C(C)(C)C)c3)[C@H]2O)cc(F)c1N
CHEMBL2048049,CC(C)Oc1cc(C[C@@H]2CS(=O)(=O)C[C@H](NCc3cccc(C(C)(C)C)c3)[C@H]2O)cc(F)c1N
CHEMBL2048043,CC(C)(C)c1cccc(CN[C@H]2CS(=O)(=O)C[C@@H](Cc3cc(F)c(N)c(OCCF)c3)[C@@H]2O)c1
CHEMBL2048048,COCCOc1cc(C[C@@H]2CS(=O)(=O)C[C@H](NCc3cccc(C(C)(C)C)c3)[C@H]2O)cc(F)c1N
CHEMBL2048040,CC(C)(C)c1cccc(CN[C@H]2CS(=O)(=O)C[C@@H](Cc3cc(F)c(N)c(OC4CCC4)c3)[C@@H]2O)c1
CHEMBL2048044,CC(C)(C)c1cccc(CN[C@H]2CS(=O)(=O)C[C@@H](Cc3cc(F)c(N)c(OCC(F)F)c3)[C@@H]2O)c1
CHEMBL2047888,CC(C)(C)c1cccc(CN[C@H]2CS(=O)(=O)C[C@@H](Cc3ccc(N)c(F)c3)[C@@H]2O)c1
CHEMBL2048041,CC(C)(C)c1cccc(CN[C@H]2CS(=O)(=O)C[C@@H](Cc3cc(F)c(N)c(OC4COC4)c3)[C@@H]2O)c1
CHEMBL2048045,CC(C)(C)c1cccc(CN[C@H]2CS(=O)(=O)C[C@@H](Cc3cc(F)c(N)c(OCC(F)(F)F)c3)[C@@H]2O)c1
CHEMBL3904438,CC#CCOc1cnc(C(=O)Nc2cc(F)c(F)c([C@]3(CF)C[C@@H](C(F)(F)F)OC(N)=N3)c2)cn1
CHEMBL3964372,C#CCOc1cnc(C(=O)Nc2cc(F)c(F)c([C@]3(C)C[C@@H](C(F)(F)F)OC(N)=N3)c2)cn1
CHEMBL3904149,C#CCOc1cnc(C(=O)Nc2cc(C)c(F)c([C@]3(CF)C[C@@H](C(F)(F)F)OC(N)=N3)c2)cn1
CHEMBL3968489,C[C@@]1(c2cc(NC(=O)c3cnc(OCC(F)(F)F)cn3)cc(F)c2F)C[C@@H](C(F)(F)F)OC(N)=N1
CHEMBL3915646,COc1cnc(C(=O)Nc2cc(F)c(F)c([C@]3(C)C[C@@H](C(F)(F)F)OC(N)=N3)c2)cn1
CHEMBL3939374,C#CCOc1cnc(C(=O)Nc2ccc(F)c([C@]3(C)C[C@@H](C(F)(F)F)OC(N)=N3)c2)cn1
CHEMBL3966080,Cc1nc(OCC(F)(F)F)cnc1C(=O)Nc1ccc(F)c([C@]2(CF)C[C@@H](C(F)(F)F)OC(N)=N2)c1
CHEMBL3980894,COc1cnc(C(=O)Nc2ccc(F)c([C@]3(CF)C[C@@H](C(F)(F)F)OC(N)=N3)c2)c(C)n1
CHEMBL3926156,Cc1nc(OCC(F)(F)F)cnc1C(=O)Nc1cc(F)c(F)c([C@]2(C)C[C@@H](C(F)(F)F)OC(N)=N2)c1
CHEMBL3901027,COc1cnc(C(=O)Nc2cc(F)c(F)c([C@]3(C)C[C@@H](C(F)(F)F)OC(N)=N3)c2)c(C)n1
CHEMBL3921606,NC1=NC2(CCO1)c1cc(NC(=O)c3ccc(Cl)cn3)ccc1Oc1cnc(C3CC3)cc12
CHEMBL3948764,NC1=NC2(CCO1)c1cc(NC(=O)c3ccc(Cl)cn3)ccc1Oc1c2cc(Cl)nc1F
CHEMBL3952809,NC1=N[C@@]2(CCO1)c1cc(NC(=O)c3ccc(Cl)cn3)ccc1Oc1c2cc(C2=CCOCC2)nc1F
CHEMBL3986979,COc1cnc(C(=O)Nc2ccc3c(c2)C2(CCOC(N)=N2)c2cc(C4CC4)nc(F)c2O3)cn1
CHEMBL3890269,NC1=NC2(CCO1)c1cc(NC(=O)c3ccc(Cl)cn3)ccc1Oc1c2cc(C2=CCCOC2)nc1F
CHEMBL3924457,N#Cc1ccc(C(=O)Nc2ccc3c(c2)C2(CCOC(N)=N2)c2cc(Cl)nc(F)c2O3)nc1
CHEMBL3948443,COc1ccc(C(=O)Nc2ccc3c(c2)[C@@]2(CCOC(N)=N2)c2cc(C4=CCOCC4)nc(F)c2O3)nc1
CHEMBL3922952,NC1=NC2(CCO1)c1cc(NC(=O)c3ccc(Cl)cn3)ccc1Oc1c2cc(-c2ccnc(F)c2)nc1F
CHEMBL3980947,N#Cc1ccc(C(=O)Nc2ccc3c(c2)C2(CCOC(N)=N2)c2cc(C4=CCOCC4)nc(F)c2O3)nc1
CHEMBL3971627,COc1nc(C2CC2)cc2c1Oc1ccc(NC(=O)c3ccc(Cl)cn3)cc1C21CCOC(N)=N1
CHEMBL375540,CCCN(CCC)C(=O)c1cccc(C(=O)N[C@@H](Cc2cc(F)cc(F)c2)[C@H](O)CN[C@@H](C)C(=O)NCC(C)C)c1
CHEMBL265861,CCCN(CCC)C(=O)c1cc(C)cc(C(=O)N[C@@H](Cc2cc(F)cc(F)c2)[C@H](O)CN[C@@H](C)C(=O)NCC(C)C)c1
CHEMBL265862,CCCN(CCC)C(=O)c1cc(C)cc(C(=O)N[C@@H](Cc2cc(F)cc(F)c2)[C@H](O)CNC(C)(C)C(=O)NCC(C)C)c1
CHEMBL489052,CCCN(CCC)C(=O)c1cc(C)cc(C(=O)N[C@@H](Cc2cc(F)cc(F)c2)[C@H](O)[C@@H]2NCCNC2=O)c1
CHEMBL522924,CCCN(CCC)C(=O)c1cc(C)cc(C(=O)N[C@@H](Cc2cc(F)cc(F)c2)[C@H](O)[C@@H]2NCCN(C)C2=O)c1
CHEMBL521912,CCCN(CCC)C(=O)c1cc(C)cc(C(=O)N[C@@H](Cc2cc(F)cc(F)c2)[C@H](O)[C@@H]2NCCN(CC)C2=O)c1
CHEMBL451218,CCCN(CCC)C(=O)c1cc(C)cc(C(=O)N[C@@H](Cc2cc(F)cc(F)c2)[C@H](O)[C@@H]2NCCN(CCC)C2=O)c1
CHEMBL507571,CCCN(CCC)C(=O)c1cc(C)cc(C(=O)N[C@@H](Cc2cc(F)cc(F)c2)[C@H](O)[C@@H]2NCCN(CC3CC3)C2=O)c1
CHEMBL509210,CCCN(CCC)C(=O)c1cc(C)cc(C(=O)N[C@@H](Cc2cc(F)cc(F)c2)[C@H](O)[C@@H]2NCCN(Cc3ccccc3)C2=O)c1
CHEMBL397714,CCCN(CCC)C(=O)c1cc(C(N)=O)cc(C(=O)N[C@@H](Cc2cc(F)cc(F)c2)[C@H](O)CNCc2cccc(CC)c2)c1
CHEMBL2169937,Cn1c(N)nc([C@H]2C[C@H]2c2ccc(-c3ccccc3)cc2)cc1=O
CHEMBL2169939,Cc1cccc(-c2ccc([C@@H]3C[C@@H]3c3cc(=O)n(C)c(N)n3)cc2)c1
CHEMBL2172799,CCc1cccc(-c2ccc([C@@H]3C[C@@H]3c3cc(=O)n(C)c(N)n3)cc2)c1
CHEMBL2172800,CCCc1cccc(-c2ccc([C@@H]3C[C@@H]3c3cc(=O)n(C)c(N)n3)cc2)c1
CHEMBL2169935,Cn1c(N)nc([C@@H]2C[C@@H]2c2cccc(-c3ccccc3)c2)cc1=O
CHEMBL2169932,Cn1c(N)nc([C@H]2C[C@H]2c2cccc(-c3ccccc3)c2)cc1=O
CHEMBL2381579,Cc1cccc(-c2cccc([C@@H]3C[C@@H]3c3cc(=O)n(C)c(N)n3)c2)c1
CHEMBL2169922,Cn1c(N)nc([C@H]2C[C@H]2c2ccc(-c3cccc(CCO)c3)cc2)cc1=O
CHEMBL2172804,Cn1c(N)nc([C@H]2C[C@H]2c2ccc(-c3cccc(CC#N)c3)cc2)cc1=O
CHEMBL2169938,Cc1ccccc1-c1ccc([C@@H]2C[C@@H]2c2cc(=O)n(C)c(N)n2)cc1
CHEMBL2349610,CN1C(=O)C2(CC(C)(C)Oc3ccc(Br)cc32)N=C1N
CHEMBL2349499,CC(C)COc1ccc2c(c1)C1(CC(C)(C)O2)N=C(N)N(C)C1=O
CHEMBL2349498,CN1C(=O)C2(CC(C)(C)Oc3ccc(C4CCCCC4)cc32)N=C1N
CHEMBL3127087,CN1C(=O)[C@]2(N=C1N)c1cc(-c3cncc(Cl)c3)ccc1O[C@H]1CCOC[C@@H]12
CHEMBL3127089,CN1C(=O)[C@]2(N=C1N)c1cc(-c3cncc(C#N)c3)ccc1O[C@H]1CCOC[C@@H]12
CHEMBL3127086,CN1C(=O)[C@]2(N=C1N)c1cc(-c3cncc(F)c3)ccc1O[C@H]1CCOC[C@@H]12
CHEMBL3927975,COC1CCC2(CC1)Oc1ccc(Br)cc1C21N=C(N)N(C)C1=O
CHEMBL3127085,CN1C(=O)[C@@]2(N=C1N)c1cc(-c3cccnc3F)ccc1O[C@@H]1CCOC[C@H]12
CHEMBL3127106,CN1C(=O)[C@]2(N=C1N)c1cc(-c3cccnc3F)ccc1O[C@H]1CCOC[C@@H]12
CHEMBL3127077,C[C@H]1OCC[C@H]2Oc3ccc(-c4cccnc4F)cc3[C@]3(N=C(N)N(C)C3=O)[C@H]12
CHEMBL534410,CCNC[C@@H](O)[C@H](Cc1ccccc1)NC(=O)c1cc2c3c(c1)c(CC)cn3CCS(=O)(=O)N2C
CHEMBL523193,CCc1cn2c3c(cc(C(=O)N[C@@H](Cc4ccccc4)[C@H](O)CNC4CC4)cc13)N(C)S(=O)(=O)CC2
CHEMBL562703,CCc1cn2c3c(cc(C(=O)N[C@@H](Cc4ccccc4)[C@H](O)CNCCF)cc13)N(C)S(=O)(=O)CC2
CHEMBL562554,CCc1cn2c3c(cc(C(=O)N[C@@H](Cc4ccccc4)[C@H](O)CNC)cc13)N(C)S(=O)(=O)CC2
CHEMBL561961,CCc1cn2c3c(cc(C(=O)N[C@@H](Cc4ccccc4)[C@H](O)CNC4CCCCC4)cc13)N(C)S(=O)(=O)CC2
CHEMBL562290,C#CCNC[C@@H](O)[C@H](Cc1ccccc1)NC(=O)c1cc2c3c(c1)c(CC)cn3CCS(=O)(=O)N2C
CHEMBL448945,CCc1cn2c3c(cc(C(=O)N[C@@H](Cc4ccccc4)[C@H](O)CNCc4ccccc4)cc13)N(C)S(=O)(=O)CC2.O=CO
CHEMBL493984,CCc1cn2c3c(cc(C(=O)N[C@@H](Cc4ccccc4)[C@H](O)CNC)cc13)N(C)S(=O)(=O)CC2.O=CO
CHEMBL504197,CCc1cn2c3c(cc(C(=O)N[C@@H](Cc4ccccc4)[C@H](O)CNC4CCCCC4)cc13)N(C)S(=O)(=O)CC2.O=CO
CHEMBL541757,CCc1cn2c3c(cc(C(=O)N[C@@H](Cc4ccccc4)[C@H](O)CNC(C)(C)CCCC(C)C)cc13)N(C)S(=O)(=O)CC2
CHEMBL3640276,CCc1nc(N2C[C@H]3C(=O)N(C)C(N)=N[C@@]3(c3ccc(F)cc3)C2)nc(OC)c1F
CHEMBL3640259,COc1nc(N2C[C@H]3C(=O)N(C)C(N)=N[C@@]3(c3ccccc3)C2)nc(C)c1F
CHEMBL3640267,COc1nc(N2C[C@H]3C(=O)N(C)C(N)=N[C@@]3(c3ccc(F)cc3)C2)nc(C2CC2)c1F
CHEMBL3640251,CCOc1nc(N2C[C@H]3C(=O)N(C)C(N)=N[C@@]3(c3ccccc3)C2)nc(C)c1F
CHEMBL3640263,COc1nc(N2C[C@H]3C(=O)N(C)C(N)=N[C@@]3(c3ccc(F)cc3)C2)nc(C)c1F
CHEMBL3640277,CCc1nc(N2C[C@H]3C(=O)N(C)C(N)=N[C@@]3(c3cc(F)ccc3F)C2)nc(OC)c1F
CHEMBL3640278,CCc1nc(N2C[C@H]3C(=O)N(C)C(N)=N[C@@]3(c3ccc(F)cc3F)C2)nc(OC)c1F
CHEMBL3640282,COc1nc(N2C[C@H]3C(=O)N(C)C(N)=N[C@@]3(c3cccc(C#N)c3)C2)nc(C)c1F
CHEMBL3640279,COc1nc(N2C[C@H]3C(=O)N(C)C(N)=N[C@@]3(c3cccc(Cl)c3)C2)nc(C)c1F
CHEMBL3640280,COc1nc(N2C[C@H]3C(=O)N(C)C(N)=N[C@@]3(c3cc(F)ccc3F)C2)nc(C2CC2)c1F
CHEMBL430400,CCNc1cc(C(=O)N[C@@H](Cc2ccccc2)[C@H](O)CNC2CCCCCC2)cc(N2CCCC2=O)c1
CHEMBL252057,CCNc1cc(C(=O)N[C@@H](Cc2ccccc2)[C@H](O)CNC2CCCCC2)cc(N2CCCC2=O)c1
CHEMBL252263,CCNc1cc(C(=O)N[C@@H](Cc2ccccc2)[C@H](O)CNC(C)CCCC(C)C)cc(N2CCCC2=O)c1
CHEMBL404501,CCNc1cc(C(=O)N[C@@H](Cc2ccccc2)[C@H](O)CNCCc2ccccc2)cc(N2CCCC2=O)c1
CHEMBL428587,CCNc1cc(C(=O)N[C@@H](Cc2ccccc2)[C@H](O)CNCCCCC(C)C)cc(N2CCCC2=O)c1
CHEMBL252860,CCNc1cc(C(=O)N[C@@H](Cc2ccccc2)[C@H](O)CNCc2ccccc2)cc(N2CCCC2=O)c1
CHEMBL252459,CCCCCC(C)(C)NC[C@@H](O)[C@H](Cc1ccccc1)NC(=O)c1cc(NCC)cc(N2CCCC2=O)c1
CHEMBL252262,CCNc1cc(C(=O)N[C@@H](Cc2ccccc2)[C@H](O)CNCC2CCCCC2)cc(N2CCCC2=O)c1
CHEMBL252861,CCNc1cc(C(=O)N[C@@H](Cc2ccccc2)[C@H](O)CNc2ccccc2)cc(N2CCCC2=O)c1
CHEMBL255192,C[C@H](NC[C@@H](O)[C@H](Cc1ccccc1)NC(=O)c1cc(N2CCCC2)cc(N2CCCC2=O)c1)C(=O)NC1CCCCC1
CHEMBL3670355,C[C@@]1(c2cccc(NC(=O)c3ccc(C#N)cn3)n2)CO[C@@](C)(C(F)(F)F)C(N)=N1
CHEMBL3670353,Cc1cc(C#N)cnc1C(=O)Nc1cccc([C@]2(C)CO[C@@](C)(C(F)(F)F)C(N)=N2)n1
CHEMBL3670361,C[C@@]1(c2cccc(NC(=O)c3ncc(C#N)cc3N)n2)CO[C@@](C)(C(F)(F)F)C(N)=N1
CHEMBL3670362,C[C@@]1(c2cccc(NC(=O)c3ncc(C#N)cc3Cl)n2)CO[C@@](C)(C(F)(F)F)C(N)=N1
CHEMBL3670356,Cc1cc(C#N)cnc1C(=O)Nc1ccc(F)c([C@@]2(C)CO[C@@](C)(C(F)(F)F)C(N)=N2)n1
CHEMBL3261069,Cc1cc(C#N)cnc1C(=O)Nc1ccc(F)c([C@]2(C)CO[C@@](C)(C(F)(F)F)C(N)=N2)n1
CHEMBL3670368,C[C@@]1(c2nc(NC(=O)c3ncc(C#N)cc3N)ccc2F)CO[C@@](C)(C(F)(F)F)C(N)=N1
CHEMBL3670369,C[C@]1(c2nc(NC(=O)c3ncc(C#N)cc3Cl)ccc2F)CO[C@@](C)(C(F)(F)F)C(N)=N1
CHEMBL3670365,C[C@@]1(c2nc(NC(=O)c3ncc(C#N)cc3Cl)ccc2F)CO[C@@](C)(C(F)(F)F)C(N)=N1
CHEMBL3670374,Cc1cnc(C(=O)Nc2ccc(F)c([C@]3(C)CO[C@@](C)(C(F)(F)F)C(N)=N3)n2)cn1
CHEMBL253449,N=C(N)NC(=O)Cn1c(-c2ccc(Oc3ccccc3)cc2)ccc1-c1cccc(Cl)c1
CHEMBL404860,N=C(N)NC(=O)Cn1c(-c2ccccc2)ccc1-c1ccccc1Cl
CHEMBL399837,N=C(N)NC(=O)Cn1c(-c2ccccc2)ccc1-c1cc(Cl)ccc1Cl
CHEMBL253237,CC(=O)c1ccc(Oc2ccc(-c3ccc(-c4ccccc4Cl)n3CC(=O)NC(=N)N)cc2)cc1
CHEMBL253863,N=C(N)NC(=O)Cn1c(-c2ccccc2)ccc1-c1ccc(Oc2ccccc2)cc1
CHEMBL252626,N=C(N)NC(=O)Cn1c(-c2ccc(F)cc2)ccc1-c1ccccc1Cl
